date,close,adjusted_close
2015-12-30,188.8000030517578,158.39657592773438
2015-12-31,186.92999267578125,156.82769775390625
2016-01-04,184.30999755859375,154.62965393066406
2016-01-05,184.63999938964844,154.90647888183594
2016-01-06,182.3000030517578,152.9432830810547
2016-01-07,177.86000061035156,149.21826171875
2016-01-08,175.97000122070312,147.63262939453125
2016-01-11,175.99000549316406,147.64939880371094
2016-01-12,177.4499969482422,148.8743133544922
2016-01-13,173.11000061035156,145.23321533203125
2016-01-14,175.9199981689453,147.59068298339844
2016-01-15,172.14999389648438,144.427734375
2016-01-19,172.33999633789062,144.587158203125
2016-01-20,170.32000732421875,142.89244079589844
2016-01-21,171.14999389648438,143.58877563476562
2016-01-22,174.66000366210938,146.53353881835938
2016-01-25,172.07000732421875,144.3607177734375
2016-01-26,174.39999389648438,146.3154754638672
2016-01-27,172.4199981689453,144.654296875
2016-01-28,173.36000061035156,145.4429473876953
2016-01-29,177.75,149.1259765625
2016-02-01,177.58999633789062,148.9918212890625
2016-02-02,174.3699951171875,146.290283203125
2016-02-03,175.38999938964844,147.14602661132812
2016-02-04,175.61000061035156,147.3306121826172
2016-02-05,172.30999755859375,144.56202697753906
2016-02-08,169.94000244140625,142.5736541748047
2016-02-09,169.99000549316406,142.61561584472656
2016-02-10,169.8800048828125,142.52337646484375
2016-02-11,167.6999969482422,140.69436645507812
2016-02-12,171.13999938964844,143.5803985595703
2016-02-16,174.00999450683594,145.98826599121094
2016-02-17,176.86000061035156,148.3793487548828
2016-02-18,176.11000061035156,147.75009155273438
2016-02-19,176.07000732421875,147.71658325195312
2016-02-22,178.58999633789062,149.83071899414062
2016-02-23,176.35000610351562,147.95144653320312
2016-02-24,177.17999267578125,148.64781188964844
2016-02-25,179.30999755859375,150.43472290039062
2016-02-26,178.97999572753906,150.15786743164062
2016-02-29,177.3800048828125,148.81556701660156
2016-03-01,181.75,152.48182678222656
2016-03-02,182.52000427246094,153.12786865234375
2016-03-03,183.19000244140625,153.6899871826172
2016-03-04,183.77999877929688,154.18495178222656
2016-03-07,183.97999572753906,154.3527374267578
2016-03-08,181.91000366210938,152.6160888671875
2016-03-09,182.91000366210938,153.45504760742188
2016-03-10,183.00999450683594,153.53895568847656
2016-03-11,185.97999572753906,156.03067016601562
2016-03-14,185.6999969482422,155.7957305908203
2016-03-15,185.4600067138672,155.5943603515625
2016-03-16,186.57000732421875,156.525634765625
2016-03-17,187.75,157.51568603515625
2016-03-18,188.4499969482422,158.1029052734375
2016-03-21,187.72999572753906,158.34414672851562
2016-03-22,187.6300048828125,158.2598419189453
2016-03-23,186.42999267578125,157.24766540527344
2016-03-24,186.3000030517578,157.1379852294922
2016-03-28,186.42999267578125,157.24766540527344
2016-03-29,188.22000122070312,158.75746154785156
2016-03-30,189.00999450683594,159.42379760742188
2016-03-31,188.55999755859375,159.04420471191406
2016-04-01,189.77000427246094,160.0648193359375
2016-04-04,189.1699981689453,159.55877685546875
2016-04-05,187.25,157.93923950195312
2016-04-06,189.2899932861328,159.65994262695312
2016-04-07,187.05999755859375,157.77903747558594
2016-04-08,187.57000732421875,158.209228515625
2016-04-11,187.0800018310547,157.7959442138672
2016-04-12,188.89999389648438,159.33102416992188
2016-04-13,190.7899932861328,160.9251708984375
2016-04-14,190.77000427246094,160.90830993652344
2016-04-15,190.55999755859375,160.73121643066406
2016-04-18,191.94000244140625,161.89512634277344
2016-04-19,192.52000427246094,162.38436889648438
2016-04-20,192.67999267578125,162.51925659179688
2016-04-21,191.61000061035156,161.61676025390625
2016-04-22,191.66000366210938,161.65896606445312
2016-04-25,191.35000610351562,161.39755249023438
2016-04-26,191.6300048828125,161.6336669921875
2016-04-27,192.02999877929688,161.9710235595703
2016-04-28,190.3000030517578,160.51185607910156
2016-04-29,189.22000122070312,159.60089111328125
2016-05-02,190.72999572753906,160.87457275390625
2016-05-03,189.10000610351562,159.49969482421875
2016-05-04,187.99000549316406,158.5634307861328
2016-05-05,187.97000122070312,158.5465850830078
2016-05-06,188.64999389648438,159.1201171875
2016-05-09,188.85000610351562,159.28884887695312
2016-05-10,191.19000244140625,161.26254272460938
2016-05-11,189.39999389648438,159.75274658203125
2016-05-12,189.50999450683594,159.84547424316406
2016-05-13,187.75999450683594,158.36944580078125
2016-05-16,189.6300048828125,159.9467315673828
2016-05-17,187.9600067138672,158.5381317138672
2016-05-18,187.92999267578125,158.51283264160156
2016-05-19,187.32000732421875,157.99830627441406
2016-05-20,188.49000549316406,158.9851837158203
2016-05-23,188.24000549316406,158.7743682861328
2016-05-24,190.6300048828125,160.79019165039062
2016-05-25,191.92999267578125,161.88668823242188
2016-05-26,192.02000427246094,161.962646484375
2016-05-27,192.77000427246094,162.59523010253906
2016-05-31,192.5399932861328,162.40121459960938
2016-06-01,192.89999389648438,162.70489501953125
2016-06-02,193.47999572753906,163.19412231445312
2016-06-03,192.9199981689453,162.72174072265625
2016-06-06,193.85000610351562,163.50621032714844
2016-06-07,194.1999969482422,163.80137634277344
2016-06-08,194.83999633789062,164.34120178222656
2016-06-09,194.5399932861328,164.0882110595703
2016-06-10,192.6699981689453,162.5108642578125
2016-06-13,191.22000122070312,161.28785705566406
2016-06-14,190.8000030517578,160.93359375
2016-06-15,190.52000427246094,160.69737243652344
2016-06-16,191.13999938964844,161.22035217285156
2016-06-17,190.42999267578125,160.62147521972656
2016-06-20,191.64999389648438,161.6505126953125
2016-06-21,191.24000549316406,162.11082458496094
2016-06-22,190.9199981689453,161.839599609375
2016-06-23,193.38999938964844,163.933349609375
2016-06-24,186.33999633789062,157.95718383789062
2016-06-27,183.0500030517578,155.16831970214844
2016-06-28,186.42999267578125,158.03350830078125
2016-06-29,189.63999938964844,160.7544708251953
2016-06-30,192.1999969482422,162.924560546875
2016-07-01,192.60000610351562,163.26365661621094
2016-07-05,191.25,162.11932373046875
2016-07-06,192.3800048828125,163.07720947265625
2016-07-07,192.25,162.96701049804688
2016-07-08,195.1699981689453,165.44219970703125
2016-07-11,195.85000610351562,166.01869201660156
2016-07-12,197.22999572753906,167.18849182128906
2016-07-13,197.16000366210938,167.12916564941406
2016-07-14,198.30999755859375,168.10394287109375
2016-07-15,198.00999450683594,167.84962463378906
2016-07-18,198.5800018310547,168.3328399658203
2016-07-19,198.36000061035156,168.1463623046875
2016-07-20,199.16000366210938,168.82447814941406
2016-07-21,198.41000366210938,168.18869018554688
2016-07-22,199.3300018310547,168.96856689453125
2016-07-25,198.85000610351562,168.5617218017578
2016-07-26,198.83999633789062,168.55322265625
2016-07-27,198.7100067138672,168.44302368164062
2016-07-28,198.92999267578125,168.62948608398438
2016-07-29,199.27999877929688,168.92617797851562
2016-08-01,199.0500030517578,168.73123168945312
2016-08-02,197.80999755859375,167.68011474609375
2016-08-03,198.3800048828125,168.1632843017578
2016-08-04,198.57000732421875,168.32435607910156
2016-08-05,200.1699981689453,169.68063354492188
2016-08-08,200.07000732421875,169.59585571289062
2016-08-09,200.1999969482422,169.7060546875
2016-08-10,199.69000244140625,169.2737579345703
2016-08-11,200.6699981689453,170.10447692871094
2016-08-12,200.47000122070312,169.93496704101562
2016-08-15,201.0500030517578,170.4266357421875
2016-08-16,200.00999450683594,169.54502868652344
2016-08-17,200.33999633789062,169.82473754882812
2016-08-18,200.82000732421875,170.23167419433594
2016-08-19,200.5399932861328,169.99427795410156
2016-08-22,200.52000427246094,169.9773406982422
2016-08-23,200.88999938964844,170.29098510742188
2016-08-24,199.9199981689453,169.4686737060547
2016-08-25,199.75999450683594,169.33311462402344
2016-08-26,199.3800048828125,169.01100158691406
2016-08-29,200.38999938964844,169.8671112060547
2016-08-30,200.00999450683594,169.54502868652344
2016-08-31,199.52000427246094,169.12965393066406
2016-09-01,199.47999572753906,169.09573364257812
2016-09-02,200.3699951171875,169.85018920898438
2016-09-06,201.0,170.3842315673828
2016-09-07,200.99000549316406,170.37576293945312
2016-09-08,200.52000427246094,169.9773406982422
2016-09-09,195.67999267578125,165.8745574951172
2016-09-12,198.47999572753906,168.2480926513672
2016-09-13,194.77999877929688,165.8494415283203
2016-09-14,194.66000366210938,165.7472686767578
2016-09-15,196.66000366210938,167.45022583007812
2016-09-16,195.88999938964844,166.7946014404297
2016-09-19,195.9499969482422,166.84568786621094
2016-09-20,195.97000122070312,166.86276245117188
2016-09-21,198.1699981689453,168.7359619140625
2016-09-22,199.36000061035156,169.74920654296875
2016-09-23,198.2899932861328,168.8380889892578
2016-09-26,196.7100067138672,167.49281311035156
2016-09-27,197.91000366210938,168.5145263671875
2016-09-28,198.97999572753906,169.4256134033203
2016-09-29,197.11000061035156,167.8333740234375
2016-09-30,198.69000244140625,169.17868041992188
2016-10-03,198.05999755859375,168.64227294921875
2016-10-04,197.13999938964844,167.8589630126953
2016-10-05,197.9600067138672,168.5571746826172
2016-10-06,198.19000244140625,168.75302124023438
2016-10-07,197.4600067138672,168.1313934326172
2016-10-10,198.3699951171875,168.90625
2016-10-11,195.9600067138672,166.8542022705078
2016-10-12,196.2100067138672,167.06704711914062
2016-10-13,195.5800018310547,166.53065490722656
2016-10-14,195.6300048828125,166.57321166992188
2016-10-17,195.0500030517578,166.07936096191406
2016-10-18,196.1999969482422,167.0585479736328
2016-10-19,196.74000549316406,167.5183563232422
2016-10-20,196.4199981689453,167.24586486816406
2016-10-21,196.47000122070312,167.28842163085938
2016-10-24,197.27000427246094,167.96961975097656
2016-10-25,196.7100067138672,167.49281311035156
2016-10-26,196.27000427246094,167.11814880371094
2016-10-27,195.75,166.6753692626953
2016-10-28,195.1300048828125,166.1475067138672
2016-10-31,195.1300048828125,166.1475067138672
2016-11-01,193.77000427246094,164.98944091796875
2016-11-02,192.49000549316406,163.89956665039062
2016-11-03,191.74000549316406,163.26097106933594
2016-11-04,191.47999572753906,163.03958129882812
2016-11-07,195.67999267578125,166.6157989501953
2016-11-08,196.5800018310547,167.38214111328125
2016-11-09,198.67999267578125,169.17022705078125
2016-11-10,199.13999938964844,169.56182861328125
2016-11-11,198.77000427246094,169.24681091308594
2016-11-14,198.8000030517578,169.27235412597656
2016-11-15,200.41000366210938,170.64329528808594
2016-11-16,200.07000732421875,170.35374450683594
2016-11-17,201.02000427246094,171.16265869140625
2016-11-18,200.66000366210938,170.8561248779297
2016-11-21,202.13999938964844,172.11630249023438
2016-11-22,202.50999450683594,172.4313201904297
2016-11-23,202.69000244140625,172.58460998535156
2016-11-25,203.5,173.27430725097656
2016-11-28,202.5399932861328,172.45689392089844
2016-11-29,202.86000061035156,172.72933959960938
2016-11-30,202.39999389648438,172.33767700195312
2016-12-01,201.61000061035156,171.66502380371094
2016-12-02,201.75,171.78424072265625
2016-12-05,202.91000366210938,172.7718963623047
2016-12-06,203.6199951171875,173.37646484375
2016-12-07,206.1999969482422,175.57325744628906
2016-12-08,206.74000549316406,176.03306579589844
2016-12-09,208.0,177.1059112548828
2016-12-12,207.77000427246094,176.91004943847656
2016-12-13,209.19000244140625,178.11912536621094
2016-12-14,207.4600067138672,176.64614868164062
2016-12-15,208.22999572753906,177.30174255371094
2016-12-16,207.8699951171875,176.9951934814453
2016-12-19,208.33999633789062,177.3953857421875
2016-12-20,209.13999938964844,178.07655334472656
2016-12-21,208.57000732421875,177.5912322998047
2016-12-22,207.00999450683594,177.36502075195312
2016-12-23,207.19000244140625,177.5193328857422
2016-12-27,207.6999969482422,177.9562530517578
2016-12-28,206.05999755859375,176.55105590820312
2016-12-29,206.02000427246094,176.51678466796875
2016-12-30,205.30999755859375,175.908447265625
2017-01-03,206.74000549316406,177.13372802734375
2017-01-04,207.9600067138672,178.17901611328125
2017-01-05,207.8000030517578,178.04193115234375
2017-01-06,208.61000061035156,178.73593139648438
2017-01-09,207.9499969482422,178.17042541503906
2017-01-10,207.9199981689453,178.1447296142578
2017-01-11,208.50999450683594,178.65025329589844
2017-01-12,208.0500030517578,178.25613403320312
2017-01-13,208.4600067138672,178.60740661621094
2017-01-17,207.72000122070312,177.97337341308594
2017-01-18,208.16000366210938,178.3502960205078
2017-01-19,207.4600067138672,177.75062561035156
2017-01-20,208.1300048828125,178.3246612548828
2017-01-23,207.64999389648438,177.913330078125
2017-01-24,208.97000122070312,179.0443878173828
2017-01-25,210.7100067138672,180.5352020263672
2017-01-26,210.5500030517578,180.3980712890625
2017-01-27,210.25,180.14105224609375
2017-01-30,208.97999572753906,179.052978515625
2017-01-31,208.97000122070312,179.0443878173828
2017-02-01,209.0,179.070068359375
2017-02-02,209.08999633789062,179.14718627929688
2017-02-03,210.63999938964844,180.4752197265625
2017-02-06,210.1999969482422,180.09825134277344
2017-02-07,210.25,180.14105224609375
2017-02-08,210.52000427246094,180.37237548828125
2017-02-09,211.72000122070312,181.4005889892578
2017-02-10,212.57000732421875,182.1288604736328
2017-02-13,213.6999969482422,183.09703063964844
2017-02-14,214.58999633789062,183.8595733642578
2017-02-15,215.67999267578125,184.79347229003906
2017-02-16,215.50999450683594,184.64776611328125
2017-02-17,215.83999633789062,184.9305419921875
2017-02-21,217.11000061035156,186.0186767578125
2017-02-22,217.00999450683594,185.93299865722656
2017-02-23,217.1300048828125,186.03575134277344
2017-02-24,217.38999938964844,186.25857543945312
2017-02-27,217.7100067138672,186.53273010253906
2017-02-28,217.07000732421875,185.984375
2017-03-01,220.14999389648438,188.62332153320312
2017-03-02,218.86000061035156,187.51800537109375
2017-03-03,218.97999572753906,187.62086486816406
2017-03-06,218.3000030517578,187.0382843017578
2017-03-07,217.63999938964844,186.4727783203125
2017-03-08,217.17999267578125,186.07862854003906
2017-03-09,217.41000366210938,186.27574157714844
2017-03-10,218.1699981689453,186.92691040039062
2017-03-13,218.3000030517578,187.0382843017578
2017-03-14,217.55999755859375,186.40420532226562
2017-03-15,219.3699951171875,187.95497131347656
2017-03-16,219.0,187.63796997070312
2017-03-17,218.55999755859375,187.26107788085938
2017-03-20,218.3699951171875,187.0982208251953
2017-03-21,215.5800018310547,184.707763671875
2017-03-22,215.02000427246094,185.08482360839844
2017-03-23,214.8000030517578,184.8954315185547
2017-03-24,214.72999572753906,184.83518981933594
2017-03-27,214.3800048828125,184.53392028808594
2017-03-28,215.97000122070312,185.9025421142578
2017-03-29,216.2899932861328,186.17794799804688
2017-03-30,216.8699951171875,186.67724609375
2017-03-31,216.35000610351562,186.2296142578125
2017-04-03,216.0800018310547,185.99725341796875
2017-04-04,216.1999969482422,186.10052490234375
2017-04-05,215.5399932861328,185.5323944091797
2017-04-06,216.10000610351562,186.014404296875
2017-04-07,215.91000366210938,185.85089111328125
2017-04-10,216.05999755859375,185.9800262451172
2017-04-11,215.7899932861328,185.74761962890625
2017-04-12,214.89999389648438,184.98150634765625
2017-04-13,213.47000122070312,183.75057983398438
2017-04-17,215.33999633789062,185.36021423339844
2017-04-18,214.75,184.85238647460938
2017-04-19,214.27999877929688,184.44778442382812
2017-04-20,216.02999877929688,185.95419311523438
2017-04-21,215.39999389648438,185.411865234375
2017-04-24,217.6999969482422,187.3916473388672
2017-04-25,219.00999450683594,188.51925659179688
2017-04-26,218.85000610351562,188.38160705566406
2017-04-27,219.02000427246094,188.5278778076172
2017-04-28,218.60000610351562,188.16635131835938
2017-05-01,219.1300048828125,188.62255859375
2017-05-02,219.1999969482422,188.68289184570312
2017-05-03,218.97999572753906,188.49343872070312
2017-05-04,219.17999267578125,188.66563415527344
2017-05-05,220.05999755859375,189.42311096191406
2017-05-08,220.07000732421875,189.43174743652344
2017-05-09,219.7899932861328,189.19070434570312
2017-05-10,220.1999969482422,189.5436248779297
2017-05-11,219.75,189.15625
2017-05-12,219.41000366210938,188.86358642578125
2017-05-15,220.52000427246094,189.81910705566406
2017-05-16,220.47999572753906,189.78466796875
2017-05-17,216.57000732421875,186.41900634765625
2017-05-18,217.36000061035156,187.09906005859375
2017-05-19,218.7100067138672,188.26109313964844
2017-05-22,219.92999267578125,189.31124877929688
2017-05-23,220.36000061035156,189.681396484375
2017-05-24,220.88999938964844,190.13755798339844
2017-05-25,221.9199981689453,191.024169921875
2017-05-26,221.92999267578125,191.03277587890625
2017-05-30,221.72000122070312,190.85206604003906
2017-05-31,221.6699981689453,190.8090057373047
2017-06-01,223.39999389648438,192.29815673828125
2017-06-02,224.10000610351562,192.90066528320312
2017-06-05,223.9499969482422,192.7715301513672
2017-06-06,223.30999755859375,192.22064208984375
2017-06-07,223.67999267578125,192.5391387939453
2017-06-08,223.75999450683594,192.60800170898438
2017-06-09,223.5,192.38421630859375
2017-06-12,223.41000366210938,192.3067169189453
2017-06-13,224.5,193.24496459960938
2017-06-14,224.25999450683594,193.03839111328125
2017-06-15,223.80999755859375,192.6510009765625
2017-06-16,223.8699951171875,192.70266723632812
2017-06-19,225.6999969482422,194.27793884277344
2017-06-20,224.22000122070312,193.0039825439453
2017-06-21,224.1300048828125,192.926513671875
2017-06-22,224.0,192.8145751953125
2017-06-23,223.3699951171875,193.14317321777344
2017-06-26,223.44000244140625,193.20367431640625
2017-06-27,221.66000366210938,191.66456604003906
2017-06-28,223.6199951171875,193.35934448242188
2017-06-29,221.69000244140625,191.69046020507812
2017-06-30,222.05999755859375,192.01048278808594
2017-07-03,222.5500030517578,192.43411254882812
2017-07-05,222.94000244140625,192.77142333984375
2017-07-06,220.94000244140625,191.04200744628906
2017-07-07,222.33999633789062,192.25254821777344
2017-07-10,222.57000732421875,192.45147705078125
2017-07-11,222.39999389648438,192.304443359375
2017-07-12,224.07000732421875,193.74844360351562
2017-07-13,224.4499969482422,194.0770263671875
2017-07-14,225.47000122070312,194.9590301513672
2017-07-17,225.5,194.98495483398438
2017-07-18,225.6699981689453,195.1319122314453
2017-07-19,226.86000061035156,196.16087341308594
2017-07-20,226.92999267578125,196.221435546875
2017-07-21,226.77000427246094,196.0830841064453
2017-07-24,226.69000244140625,196.013916015625
2017-07-25,227.22999572753906,196.48077392578125
2017-07-26,227.3000030517578,196.54135131835938
2017-07-27,227.02999877929688,196.30789184570312
2017-07-28,226.77000427246094,196.0830841064453
2017-07-31,226.63999938964844,195.97064208984375
2017-08-01,227.14999389648438,196.41168212890625
2017-08-02,227.27999877929688,196.5240478515625
2017-08-03,226.8800048828125,196.1781768798828
2017-08-04,227.25999450683594,196.50682067871094
2017-08-07,227.6300048828125,196.8267059326172
2017-08-08,227.17999267578125,196.43756103515625
2017-08-09,227.0500030517578,196.32522583007812
2017-08-10,223.92999267578125,193.62738037109375
2017-08-11,224.22999572753906,193.8868408203125
2017-08-14,226.42999267578125,195.7891082763672
2017-08-15,226.4499969482422,195.80638122558594
2017-08-16,226.80999755859375,196.1177215576172
2017-08-17,223.27999877929688,193.06532287597656
2017-08-18,222.8699951171875,192.7108154296875
2017-08-21,223.13999938964844,192.94430541992188
2017-08-22,225.39999389648438,194.89845275878906
2017-08-23,224.6300048828125,194.232666015625
2017-08-24,224.11000061035156,193.78298950195312
2017-08-25,224.60000610351562,194.2067108154297
2017-08-28,224.67999267578125,194.27589416503906
2017-08-29,224.85000610351562,194.42288208007812
2017-08-30,225.97000122070312,195.391357421875
2017-08-31,227.3000030517578,196.54135131835938
2017-09-01,227.69000244140625,196.87860107421875
2017-09-05,226.00999450683594,195.42591857910156
2017-09-06,226.8000030517578,196.10899353027344
2017-09-07,226.75,196.06576538085938
2017-09-08,226.39999389648438,195.76315307617188
2017-09-11,228.8699951171875,197.89891052246094
2017-09-12,229.7100067138672,198.625244140625
2017-09-13,229.85000610351562,198.7462921142578
2017-09-14,229.77000427246094,198.6771240234375
2017-09-15,230.08999633789062,198.95384216308594
2017-09-18,230.49000549316406,199.29971313476562
2017-09-19,230.77000427246094,199.54180908203125
2017-09-20,229.72000122070312,199.65130615234375
2017-09-21,229.07000732421875,199.0863800048828
2017-09-22,229.0399932861328,199.06031799316406
2017-09-25,228.6999969482422,198.76478576660156
2017-09-26,228.77999877929688,198.83432006835938
2017-09-27,229.6699981689453,199.60787963867188
2017-09-28,229.94000244140625,199.84251403808594
2017-09-29,230.75999450683594,200.5551300048828
2017-10-02,231.72999572753906,201.39816284179688
2017-10-03,232.1999969482422,201.806640625
2017-10-04,232.52000427246094,202.0847930908203
2017-10-05,233.89999389648438,203.2841796875
2017-10-06,233.67999267578125,203.0929718017578
2017-10-09,233.27000427246094,202.7366485595703
2017-10-10,233.86000061035156,203.2493896484375
2017-10-11,234.24000549316406,203.5796661376953
2017-10-12,233.8800048828125,203.26678466796875
2017-10-13,234.13999938964844,203.4927520751953
2017-10-16,234.50999450683594,203.8142852783203
2017-10-17,234.66000366210938,203.94468688964844
2017-10-18,234.8699951171875,204.12721252441406
2017-10-19,234.99000549316406,204.2314910888672
2017-10-20,236.16000366210938,205.24832153320312
2017-10-23,235.3000030517578,204.50088500976562
2017-10-24,235.6300048828125,204.78770446777344
2017-10-25,234.5,203.8055877685547
2017-10-26,234.72000122070312,203.99684143066406
2017-10-27,236.72000122070312,205.73507690429688
2017-10-30,235.86000061035156,204.98764038085938
2017-10-31,236.1300048828125,205.22232055664062
2017-11-01,236.5399932861328,205.5785675048828
2017-11-02,236.63999938964844,205.6654815673828
2017-11-03,237.42999267578125,206.35208129882812
2017-11-06,237.7899932861328,206.6649932861328
2017-11-07,237.69000244140625,206.5780487060547
2017-11-08,238.0399932861328,206.88223266601562
2017-11-09,237.17999267578125,206.1348114013672
2017-11-10,237.0399932861328,206.01316833496094
2017-11-13,237.32000732421875,206.2565460205078
2017-11-14,236.74000549316406,205.75241088867188
2017-11-15,235.52999877929688,204.7008514404297
2017-11-16,237.5399932861328,206.4476776123047
2017-11-17,236.89999389648438,205.8914794921875
2017-11-20,237.2100067138672,206.16087341308594
2017-11-21,238.7899932861328,207.53404235839844
2017-11-22,238.6199951171875,207.38632202148438
2017-11-24,239.1199951171875,207.82089233398438
2017-11-27,239.0500030517578,207.7600555419922
2017-11-28,241.4199981689453,209.81983947753906
2017-11-29,241.3300018310547,209.74168395996094
2017-11-30,243.35000610351562,211.49717712402344
2017-12-01,242.89999389648438,211.1060791015625
2017-12-04,242.63999938964844,210.88021850585938
2017-12-05,241.77999877929688,210.1327362060547
2017-12-06,241.77000427246094,210.12405395507812
2017-12-07,242.57000732421875,210.81932067871094
2017-12-08,243.88999938964844,211.96656799316406
2017-12-11,244.67999267578125,212.65313720703125
2017-12-12,245.10000610351562,213.01820373535156
2017-12-13,245.0399932861328,212.96600341796875
2017-12-14,244.07000732421875,212.12294006347656
2017-12-15,246.1199951171875,213.9046173095703
2017-12-18,247.64999389648438,215.23439025878906
2017-12-19,246.75,214.45220947265625
2017-12-20,246.55999755859375,214.2870330810547
2017-12-21,247.05999755859375,214.7216339111328
2017-12-22,247.00999450683594,214.67813110351562
2017-12-26,245.5399932861328,214.42843627929688
2017-12-27,245.67999267578125,214.55067443847656
2017-12-28,246.13999938964844,214.95236206054688
2017-12-29,245.2899932861328,214.21005249023438
2018-01-02,247.08999633789062,215.78207397460938
2018-01-03,248.55999755859375,217.06576538085938
2018-01-04,249.64999389648438,218.01763916015625
2018-01-05,251.25,219.4148712158203
2018-01-08,251.77000427246094,219.86898803710938
2018-01-09,252.3000030517578,220.33189392089844
2018-01-10,251.8699951171875,219.95635986328125
2018-01-11,253.72999572753906,221.58067321777344
2018-01-12,255.41000366210938,223.0477752685547
2018-01-16,254.47999572753906,222.23558044433594
2018-01-17,256.94000244140625,224.3839874267578
2018-01-18,256.5899963378906,224.07835388183594
2018-01-19,257.67999267578125,225.03013610839844
2018-01-22,259.75,226.83790588378906
2018-01-23,260.3399963378906,227.3531494140625
2018-01-24,260.2099914550781,227.23956298828125
2018-01-25,260.3299865722656,227.34439086914062
2018-01-26,263.3599853515625,229.990478515625
2018-01-29,261.5400085449219,228.40110778808594
2018-01-30,258.75,225.96458435058594
2018-01-31,258.989990234375,226.17416381835938
2018-02-01,258.7300109863281,225.9471435546875
2018-02-02,253.19000244140625,221.10911560058594
2018-02-05,242.7899932861328,212.02679443359375
2018-02-06,247.27999877929688,215.9479217529297
2018-02-07,245.92999267578125,214.76898193359375
2018-02-08,236.7899932861328,206.7870635986328
2018-02-09,240.44000244140625,209.97457885742188
2018-02-12,243.74000549316406,212.8564910888672
2018-02-13,244.55999755859375,213.57257080078125
2018-02-14,247.75999450683594,216.36712646484375
2018-02-15,250.97000122070312,219.17039489746094
2018-02-16,250.94000244140625,219.14418029785156
2018-02-20,249.4199981689453,217.81680297851562
2018-02-21,248.11000061035156,216.67274475097656
2018-02-22,248.41000366210938,216.9347686767578
2018-02-23,252.49000549316406,220.4977569580078
2018-02-26,255.39999389648438,223.0390625
2018-02-27,252.13999938964844,220.19210815429688
2018-02-28,249.33999633789062,217.74688720703125
2018-03-01,246.0500030517578,214.873779296875
2018-03-02,247.36000061035156,216.01779174804688
2018-03-05,250.1999969482422,218.49790954589844
2018-03-06,250.8300018310547,219.048095703125
2018-03-07,250.72000122070312,218.95205688476562
2018-03-08,251.88999938964844,219.97381591796875
2018-03-09,256.25,223.78135681152344
2018-03-12,256.0,223.56300354003906
2018-03-13,254.30999755859375,222.08714294433594
2018-03-14,252.97000122070312,220.91696166992188
2018-03-15,252.72999572753906,220.70736694335938
2018-03-16,252.99000549316406,220.93441772460938
2018-03-19,249.61000061035156,217.98265075683594
2018-03-20,250.0500030517578,218.366943359375
2018-03-21,249.47000122070312,217.8604278564453
2018-03-22,243.27000427246094,212.44602966308594
2018-03-23,238.08999633789062,207.92236328125
2018-03-26,243.52999877929688,213.6457977294922
2018-03-27,239.30999755859375,209.9436492919922
2018-03-28,238.63999938964844,209.35585021972656
2018-03-29,242.0800018310547,212.3737030029297
2018-04-02,236.47999572753906,207.4608917236328
2018-04-03,239.47999572753906,210.09278869628906
2018-04-04,242.24000549316406,212.51409912109375
2018-04-05,243.99000549316406,214.04933166503906
2018-04-06,238.6199951171875,209.33827209472656
2018-04-09,239.58999633789062,210.18927001953125
2018-04-10,243.5399932861328,213.65457153320312
2018-04-11,242.25,212.52284240722656
2018-04-12,244.27999877929688,214.30372619628906
2018-04-13,243.60000610351562,213.70718383789062
2018-04-16,245.5800018310547,215.4442138671875
2018-04-17,248.22000122070312,217.7601776123047
2018-04-18,248.36000061035156,217.883056640625
2018-04-19,247.0,216.68997192382812
2018-04-20,245.0,214.9353790283203
2018-04-23,244.88999938964844,214.83889770507812
2018-04-24,241.5500030517578,211.90875244140625
2018-04-25,242.1699981689453,212.4526824951172
2018-04-26,244.66000366210938,214.63711547851562
2018-04-27,244.9199981689453,214.86521911621094
2018-04-30,242.9199981689453,213.11062622070312
2018-05-01,243.44000244140625,213.56683349609375
2018-05-02,241.77999877929688,212.11053466796875
2018-05-03,241.2100067138672,211.61050415039062
2018-05-04,244.41000366210938,214.4178009033203
2018-05-07,245.1699981689453,215.08450317382812
2018-05-08,245.16000366210938,215.07574462890625
2018-05-09,247.5399932861328,217.1636962890625
2018-05-10,249.86000061035156,219.19898986816406
2018-05-11,250.47000122070312,219.7342071533203
2018-05-14,250.75,219.9798126220703
2018-05-15,249.02999877929688,218.47088623046875
2018-05-16,250.08999633789062,219.4007568359375
2018-05-17,249.8800048828125,219.21656799316406
2018-05-18,249.25999450683594,218.67259216308594
2018-05-21,251.08999633789062,220.27804565429688
2018-05-22,250.3699951171875,219.64639282226562
2018-05-23,251.14999389648438,220.3307342529297
2018-05-24,250.6699981689453,219.90965270996094
2018-05-25,250.0399932861328,219.35691833496094
2018-05-29,247.14999389648438,216.8216094970703
2018-05-30,250.41000366210938,219.68153381347656
2018-05-31,248.7899932861328,218.26031494140625
2018-06-01,251.41000366210938,220.55877685546875
2018-06-04,252.52000427246094,221.5326385498047
2018-06-05,252.8699951171875,221.8396759033203
2018-06-06,254.88999938964844,223.6117706298828
2018-06-07,254.77000427246094,223.5065155029297
2018-06-08,255.57000732421875,224.2083282470703
2018-06-11,255.89999389648438,224.4978485107422
2018-06-12,256.3299865722656,224.8750762939453
2018-06-13,255.30999755859375,223.980224609375
2018-06-14,256.04998779296875,224.62939453125
2018-06-15,255.8300018310547,224.43646240234375
2018-06-18,255.22000122070312,223.9012908935547
2018-06-19,254.25,223.05032348632812
2018-06-20,254.7100067138672,223.45387268066406
2018-06-21,253.1199951171875,222.05897521972656
2018-06-22,253.57000732421875,222.45376586914062
2018-06-25,250.05999755859375,219.37451171875
2018-06-26,250.61000061035156,219.8570098876953
2018-06-27,248.52999877929688,218.03221130371094
2018-06-28,248.8800048828125,219.36050415039062
2018-06-29,249.50999450683594,219.91571044921875
2018-07-02,249.8000030517578,220.17135620117188
2018-07-03,248.7899932861328,219.2811737060547
2018-07-05,250.9199981689453,221.15850830078125
2018-07-06,253.00999450683594,223.00064086914062
2018-07-09,255.25,224.97486877441406
2018-07-10,256.1400146484375,225.7593994140625
2018-07-11,254.38999938964844,224.2169952392578
2018-07-12,256.57000732421875,226.1383819580078
2018-07-13,256.7900085449219,226.332275390625
2018-07-16,256.6300048828125,226.19126892089844
2018-07-17,257.7300109863281,227.1608123779297
2018-07-18,258.20001220703125,227.57505798339844
2018-07-19,257.2200012207031,226.71131896972656
2018-07-20,256.9800109863281,226.49978637695312
2018-07-23,257.4700012207031,226.93162536621094
2018-07-24,258.67999267578125,227.99807739257812
2018-07-25,261.04998779296875,230.08700561523438
2018-07-26,260.2799987792969,229.40834045410156
2018-07-27,258.5899963378906,227.91880798339844
2018-07-30,257.1000061035156,226.60552978515625
2018-07-31,258.3999938964844,227.75128173828125
2018-08-01,258.0799865722656,227.46920776367188
2018-08-02,259.3900146484375,228.62391662597656
2018-08-03,260.6600036621094,229.7432403564453
2018-08-06,261.6400146484375,230.6070098876953
2018-08-07,262.3699951171875,231.2504119873047
2018-08-08,262.2300109863281,231.12705993652344
2018-08-09,261.8999938964844,230.8362274169922
2018-08-10,260.1199951171875,229.2672882080078
2018-08-13,259.1400146484375,228.40353393554688
2018-08-14,260.80999755859375,229.8754425048828
2018-08-15,258.8900146484375,228.18316650390625
2018-08-16,260.989990234375,230.03411865234375
2018-08-17,261.8599853515625,230.80096435546875
2018-08-20,262.44000244140625,231.31210327148438
2018-08-21,263.010009765625,231.81454467773438
2018-08-22,262.92999267578125,231.7439727783203
2018-08-23,262.54998779296875,231.40904235839844
2018-08-24,264.20001220703125,232.86338806152344
2018-08-27,266.19000244140625,234.61732482910156
2018-08-28,266.3399963378906,234.7495574951172
2018-08-29,267.79998779296875,236.0364532470703
2018-08-30,266.7099914550781,235.07562255859375
2018-08-31,266.7200012207031,235.08445739746094
2018-09-04,266.3500061035156,234.7583770751953
2018-09-05,265.6000061035156,234.09727478027344
2018-09-06,264.82000732421875,233.4098358154297
2018-09-07,264.17999267578125,232.84571838378906
2018-09-10,264.67999267578125,233.2864227294922
2018-09-11,265.67999267578125,234.1678466796875
2018-09-12,265.7099914550781,234.1942901611328
2018-09-13,267.2200012207031,235.5251922607422
2018-09-14,267.3599853515625,235.64854431152344
2018-09-17,265.8500061035156,234.3176727294922
2018-09-18,267.29998779296875,235.59567260742188
2018-09-19,267.6000061035156,235.86013793945312
2018-09-20,269.75,237.75506591796875
2018-09-21,269.55999755859375,237.5876007080078
2018-09-24,268.6600036621094,236.79437255859375
2018-09-25,268.3299865722656,236.5034942626953
2018-09-26,266.3399963378906,235.81036376953125
2018-09-27,267.0799865722656,236.46543884277344
2018-09-28,267.04998779296875,236.4389190673828
2018-10-01,268.0400085449219,237.3154296875
2018-10-02,268.010009765625,237.28887939453125
2018-10-03,268.239990234375,237.492431640625
2018-10-04,266.0400085449219,235.54466247558594
2018-10-05,264.5400085449219,234.21661376953125
2018-10-08,264.4700012207031,234.15463256835938
2018-10-09,264.1300048828125,233.8535919189453
2018-10-10,255.60000610351562,226.30136108398438
2018-10-11,250.22000122070312,221.5380401611328
2018-10-12,253.60000610351562,224.53060913085938
2018-10-15,252.2100067138672,223.29995727539062
2018-10-16,257.5799865722656,228.05441284179688
2018-10-17,257.6700134277344,228.1340789794922
2018-10-18,254.0500030517578,224.92906188964844
2018-10-19,253.85000610351562,224.75193786621094
2018-10-22,252.8000030517578,223.8223114013672
2018-10-23,251.27999877929688,222.47654724121094
2018-10-24,243.77999877929688,215.83624267578125
2018-10-25,248.14999389648438,219.70530700683594
2018-10-26,243.75999450683594,215.8185272216797
2018-10-29,242.5,214.70298767089844
2018-10-30,246.2100067138672,217.98770141601562
2018-10-31,248.7899932861328,220.27195739746094
2018-11-01,251.3699951171875,222.5561981201172
2018-11-02,249.80999755859375,221.175048828125
2018-11-05,251.22999572753906,222.43226623535156
2018-11-06,252.82000732421875,223.8400421142578
2018-11-07,258.1600036621094,228.5679473876953
2018-11-08,257.7200012207031,228.17835998535156
2018-11-09,255.33999633789062,226.0711669921875
2018-11-12,250.41000366210938,221.7063446044922
2018-11-13,249.99000549316406,221.3344268798828
2018-11-14,248.27999877929688,219.82040405273438
2018-11-15,250.85000610351562,222.09584045410156
2018-11-16,251.49000549316406,222.6624755859375
2018-11-19,247.32000732421875,218.9705047607422
2018-11-20,242.77000427246094,214.94203186035156
2018-11-21,243.5800018310547,215.65916442871094
2018-11-23,242.00999450683594,214.26914978027344
2018-11-26,245.8000030517578,217.62469482421875
2018-11-27,246.57000732421875,218.30645751953125
2018-11-28,252.3300018310547,223.40618896484375
2018-11-29,251.80999755859375,222.94581604003906
2018-11-30,253.47999572753906,224.42437744140625
2018-12-03,256.6099853515625,227.19558715820312
2018-12-04,248.64999389648438,220.14804077148438
2018-12-06,248.02000427246094,219.5902557373047
2018-12-07,242.25999450683594,214.490478515625
2018-12-10,242.5500030517578,214.7472381591797
2018-12-11,242.6199951171875,214.80918884277344
2018-12-12,243.9600067138672,215.99563598632812
2018-12-13,243.8800048828125,215.92481994628906
2018-12-14,239.3800048828125,211.9405975341797
2018-12-17,233.22999572753906,207.61349487304688
2018-12-18,233.13999938964844,207.53341674804688
2018-12-19,229.4199981689453,204.22198486328125
2018-12-20,225.64999389648438,200.86602783203125
2018-12-21,221.16000366210938,196.8692169189453
2018-12-24,215.07000732421875,191.44808959960938
2018-12-26,225.9499969482422,201.13311767578125
2018-12-27,228.0500030517578,203.00250244140625
2018-12-28,227.75999450683594,202.74427795410156
2018-12-31,229.80999755859375,204.5691680908203
2019-01-02,229.99000549316406,204.72938537597656
2019-01-03,224.5,199.8423614501953
2019-01-04,231.91000366210938,206.4384765625
2019-01-07,233.64999389648438,207.98736572265625
2019-01-08,235.9199981689453,210.00807189941406
2019-01-09,237.00999450683594,210.9783477783203
2019-01-10,238.0,211.8595733642578
2019-01-11,237.88999938964844,211.76165771484375
2019-01-14,236.5800018310547,210.59556579589844
2019-01-15,239.35000610351562,213.06134033203125
2019-01-16,239.8800048828125,213.53309631347656
2019-01-17,241.6699981689453,215.12649536132812
2019-01-18,244.9199981689453,218.01956176757812
2019-01-22,241.66000366210938,215.1175994873047
2019-01-23,242.02000427246094,215.4381103515625
2019-01-24,242.25999450683594,215.65174865722656
2019-01-25,244.32000732421875,217.4854736328125
2019-01-28,242.42999267578125,215.80307006835938
2019-01-29,242.1300048828125,215.53599548339844
2019-01-30,245.9600067138672,218.94532775878906
2019-01-31,248.00999450683594,220.77017211914062
2019-02-01,248.22000122070312,220.95709228515625
2019-02-04,249.99000549316406,222.53269958496094
2019-02-05,251.10000610351562,223.5207977294922
2019-02-06,250.7899932861328,223.2448272705078
2019-02-07,248.3300018310547,221.05502319335938
2019-02-08,248.64999389648438,221.3398895263672
2019-02-11,248.77999877929688,221.4556121826172
2019-02-12,252.0,224.3219451904297
2019-02-13,252.75999450683594,224.99847412109375
2019-02-14,252.1999969482422,224.4999542236328
2019-02-15,254.97999572753906,226.97463989257812
2019-02-19,255.4199981689453,227.36630249023438
2019-02-20,256.010009765625,227.8915252685547
2019-02-21,255.0800018310547,227.06365966796875
2019-02-22,256.6099853515625,228.42555236816406
2019-02-25,256.989990234375,228.7638702392578
2019-02-26,256.79998779296875,228.5947265625
2019-02-27,256.6700134277344,228.4790496826172
2019-02-28,256.07000732421875,227.9448699951172
2019-03-01,257.8299865722656,229.5115966796875
2019-03-04,256.8399963378906,228.63038635253906
2019-03-05,256.5400085449219,228.36329650878906
2019-03-06,254.89999389648438,226.90341186523438
2019-03-07,252.85000610351562,225.07855224609375
2019-03-08,252.33999633789062,224.6245880126953
2019-03-11,256.0199890136719,227.90037536621094
2019-03-12,256.92999267578125,228.71046447753906
2019-03-13,258.67999267578125,230.2682342529297
2019-03-14,258.5899963378906,230.18812561035156
2019-03-15,259.8500061035156,231.30972290039062
2019-03-18,260.7799987792969,232.13760375976562
2019-03-19,260.8599853515625,232.20877075195312
2019-03-20,259.92999267578125,231.38095092773438
2019-03-21,261.42999267578125,234.02618408203125
2019-03-22,256.4599914550781,229.57717895507812
2019-03-25,256.2300109863281,229.3712615966797
2019-03-26,258.0799865722656,231.02737426757812
2019-03-27,256.8800048828125,229.953125
2019-03-28,257.8800048828125,230.8483428955078
2019-03-29,259.5400085449219,232.33432006835938
2019-04-01,262.5299987792969,235.01084899902344
2019-04-02,262.6199951171875,235.0914764404297
2019-04-03,263.1099853515625,235.53012084960938
2019-04-04,263.739990234375,236.09408569335938
2019-04-05,265.010009765625,237.23094177246094
2019-04-08,265.239990234375,237.43678283691406
2019-04-09,263.8299865722656,236.1746368408203
2019-04-10,264.739990234375,236.9892578125
2019-04-11,264.69000244140625,236.94448852539062
2019-04-12,266.4800109863281,238.5469207763672
2019-04-15,266.29998779296875,238.38571166992188
2019-04-16,266.489990234375,238.5558319091797
2019-04-17,265.8399963378906,237.97390747070312
2019-04-18,266.3399963378906,238.42156982421875
2019-04-22,266.6000061035156,238.65428161621094
2019-04-23,268.8999938964844,240.71322631835938
2019-04-24,268.3699951171875,240.2387237548828
2019-04-25,268.2699890136719,240.149169921875
2019-04-26,269.5,241.25030517578125
2019-04-29,269.8399963378906,241.55462646484375
2019-04-30,270.010009765625,241.7068634033203
2019-05-01,268.0400085449219,239.94334411621094
2019-05-02,267.510009765625,239.4688720703125
2019-05-03,270.04998779296875,241.74261474609375
2019-05-06,268.9800109863281,240.78475952148438
2019-05-07,264.6199951171875,236.8818359375
2019-05-08,264.1000061035156,236.41636657714844
2019-05-09,263.2900085449219,235.6912384033203
2019-05-10,264.5199890136719,236.7922821044922
2019-05-13,258.0299987792969,230.9825897216797
2019-05-14,260.2699890136719,232.98776245117188
2019-05-15,261.80999755859375,234.3663787841797
2019-05-16,264.2099914550781,236.51483154296875
2019-05-17,262.6099853515625,235.08253479003906
2019-05-20,260.82000732421875,233.4801788330078
2019-05-21,263.0299987792969,235.45848083496094
2019-05-22,262.30999755859375,234.81393432617188
2019-05-23,259.239990234375,232.0657501220703
2019-05-24,259.69000244140625,232.4685821533203
2019-05-28,257.3599853515625,230.38287353515625
2019-05-29,255.58999633789062,228.79833984375
2019-05-30,256.29998779296875,229.43389892578125
2019-05-31,252.8699951171875,226.36351013183594
2019-06-03,252.1199951171875,225.6920928955078
2019-06-04,257.6700134277344,230.6603546142578
2019-06-05,259.8500061035156,232.61183166503906
2019-06-06,261.5400085449219,234.1246795654297
2019-06-07,264.1499938964844,236.46107482910156
2019-06-10,265.3900146484375,237.57110595703125
2019-06-11,265.3399963378906,237.52633666992188
2019-06-12,264.8399963378906,237.07876586914062
2019-06-13,266.0199890136719,238.13502502441406
2019-06-14,265.6199951171875,237.7770538330078
2019-06-17,265.8599853515625,237.99188232421875
2019-06-18,268.510009765625,240.3640899658203
2019-06-19,269.2200012207031,240.99964904785156
2019-06-20,271.7300109863281,243.24658203125
2019-06-21,271.4100036621094,242.96006774902344
2019-06-24,271.05999755859375,242.6467742919922
2019-06-25,268.3800048828125,240.2477264404297
2019-06-26,268.1199951171875,240.01492309570312
2019-06-27,267.6700134277344,240.85723876953125
2019-06-28,269.1499938964844,242.18893432617188
2019-07-01,271.44000244140625,244.24952697753906
2019-07-02,272.2300109863281,244.96038818359375
2019-07-03,274.32000732421875,246.84109497070312
2019-07-05,273.9700012207031,246.52609252929688
2019-07-08,272.6000061035156,245.29336547851562
2019-07-09,272.94000244140625,245.5993194580078
2019-07-10,274.2099914550781,246.7420654296875
2019-07-11,274.760009765625,247.2369384765625
2019-07-12,276.1099853515625,248.45172119140625
2019-07-15,276.17999267578125,248.51466369628906
2019-07-16,275.2799987792969,247.70486450195312
2019-07-17,273.4200134277344,246.0312042236328
2019-07-18,274.4200134277344,246.93101501464844
2019-07-19,272.95001220703125,245.60824584960938
2019-07-22,273.6099853515625,246.20223999023438
2019-07-23,275.489990234375,247.893798828125
2019-07-24,276.760009765625,249.03663635253906
2019-07-25,275.4100036621094,247.82188415527344
2019-07-26,277.3800048828125,249.59451293945312
2019-07-29,276.8800048828125,249.14459228515625
2019-07-30,276.2099914550781,248.5417022705078
2019-07-31,273.0799865722656,245.7251739501953
2019-08-01,270.7900085449219,243.66465759277344
2019-08-02,268.80999755859375,241.8829803466797
2019-08-05,260.8800048828125,234.74737548828125
2019-08-06,264.239990234375,237.7707977294922
2019-08-07,264.4200134277344,237.9327392578125
2019-08-08,269.5799865722656,242.57577514648438
2019-08-09,267.70001220703125,240.88418579101562
2019-08-12,264.55999755859375,238.0587158203125
2019-08-13,268.6600036621094,241.7479705810547
2019-08-14,260.57000732421875,234.46836853027344
2019-08-15,261.3900146484375,235.2062530517578
2019-08-16,265.2200012207031,238.65264892578125
2019-08-19,268.4800109863281,241.5860595703125
2019-08-20,266.3999938964844,239.71437072753906
2019-08-21,268.55999755859375,241.65798950195312
2019-08-22,268.4599914550781,241.56800842285156
2019-08-23,261.57000732421875,235.3682098388672
2019-08-26,264.4700012207031,237.97772216796875
2019-08-27,263.42999267578125,237.04193115234375
2019-08-28,265.260009765625,238.6885986328125
2019-08-29,268.7099914550781,241.7929229736328
2019-08-30,268.6000061035156,241.69398498535156
2019-09-03,267.1099853515625,240.35321044921875
2019-09-04,269.9700012207031,242.92678833007812
2019-09-05,273.5400085449219,246.13916015625
2019-09-06,273.739990234375,246.31912231445312
2019-09-09,273.80999755859375,246.38217163085938
2019-09-10,273.8699951171875,246.4361572265625
2019-09-11,275.8399963378906,248.2087860107422
2019-09-12,276.6499938964844,248.93759155273438
2019-09-13,276.5799865722656,248.87451171875
2019-09-16,275.6700134277344,248.0558624267578
2019-09-17,276.4200134277344,248.7306671142578
2019-09-18,276.5899963378906,248.88363647460938
2019-09-19,276.5299987792969,248.82968139648438
2019-09-20,275.04998779296875,247.4978790283203
2019-09-23,275.239990234375,247.6688690185547
2019-09-24,272.9599914550781,245.61727905273438
2019-09-25,274.6300048828125,247.12002563476562
2019-09-26,272.7900085449219,246.63270568847656
2019-09-27,271.260009765625,245.24932861328125
2019-09-30,272.6000061035156,246.46092224121094
2019-10-01,269.32000732421875,243.495361328125
2019-10-02,264.57000732421875,239.20089721679688
2019-10-03,266.6700134277344,241.09945678710938
2019-10-04,270.3699951171875,244.44467163085938
2019-10-07,269.2099914550781,243.3958740234375
2019-10-08,265.0299987792969,239.61671447753906
2019-10-09,267.5,241.84991455078125
2019-10-10,269.32000732421875,243.495361328125
2019-10-11,272.1300048828125,246.0359344482422
2019-10-14,271.8800048828125,245.80996704101562
2019-10-15,274.510009765625,248.18775939941406
2019-10-16,274.0799865722656,247.7988739013672
2019-10-17,274.82000732421875,248.46804809570312
2019-10-18,273.69000244140625,247.44638061523438
2019-10-21,275.6000061035156,249.1732940673828
2019-10-22,274.6300048828125,248.2962646484375
2019-10-23,275.44000244140625,249.028564453125
2019-10-24,275.8900146484375,249.43540954589844
2019-10-25,277.0400085449219,250.47511291503906
2019-10-28,278.6499938964844,251.93077087402344
2019-10-29,278.4700012207031,251.76797485351562
2019-10-30,279.45001220703125,252.65403747558594
2019-10-31,278.54998779296875,251.84024047851562
2019-11-01,281.20001220703125,254.23629760742188
2019-11-04,282.32000732421875,255.24887084960938
2019-11-05,281.9599914550781,254.9233856201172
2019-11-06,282.1099853515625,255.0589141845703
2019-11-07,283.1099853515625,255.96311950683594
2019-11-08,283.79998779296875,256.5869445800781
2019-11-11,283.25,256.0896301269531
2019-11-12,283.80999755859375,256.5959777832031
2019-11-13,283.92999267578125,256.70440673828125
2019-11-14,284.30999755859375,257.04803466796875
2019-11-15,286.42999267578125,258.9647216796875
2019-11-18,286.6099853515625,259.12750244140625
2019-11-19,286.4700012207031,259.0008850097656
2019-11-20,285.4599914550781,258.0877685546875
2019-11-21,285.0199890136719,257.68994140625
2019-11-22,285.6499938964844,258.259521484375
2019-11-25,287.82000732421875,260.2214660644531
2019-11-26,288.3999938964844,260.745849609375
2019-11-27,289.760009765625,261.9754943847656
2019-11-29,288.6499938964844,260.9718322753906
2019-12-02,286.29998779296875,258.84716796875
2019-12-03,284.2900085449219,257.0299072265625
2019-12-04,286.1099853515625,258.6753845214844
2019-12-05,286.6400146484375,259.1546325683594
2019-12-06,289.19000244140625,261.4600830078125
2019-12-09,288.30999755859375,260.6644592285156
2019-12-10,288.0400085449219,260.4204406738281
2019-12-11,288.7900085449219,261.0984802246094
2019-12-12,291.3299865722656,263.39483642578125
2019-12-13,291.44000244140625,263.4944152832031
2019-12-16,293.5,265.3567810058594
2019-12-17,293.55999755859375,265.4111633300781
2019-12-18,293.5799865722656,265.4291076660156
2019-12-19,294.79998779296875,266.5321960449219
2019-12-20,296.29998779296875,267.88836669921875
2019-12-23,295.1600036621094,268.1509094238281
2019-12-24,295.1600036621094,268.1509094238281
2019-12-26,296.6700134277344,269.52276611328125
2019-12-27,296.6700134277344,269.52276611328125
2019-12-30,295.0400085449219,268.0418395996094
2019-12-31,295.79998779296875,268.7322998046875
2020-01-02,298.4200134277344,271.11260986328125
2020-01-03,296.239990234375,269.132080078125
2020-01-06,297.3500061035156,270.1404724121094
2020-01-07,296.5299987792969,269.3955383300781
2020-01-08,298.05999755859375,270.78546142578125
2020-01-09,300.1199951171875,272.656982421875
2020-01-10,299.260009765625,271.87579345703125
2020-01-13,301.239990234375,273.6744689941406
2020-01-14,300.8399963378906,273.31103515625
2020-01-15,301.510009765625,273.9197998046875
2020-01-16,304.0299987792969,276.2092590332031
2020-01-17,305.05999755859375,277.1449279785156
2020-01-21,304.42999267578125,276.57257080078125
2020-01-22,304.510009765625,276.6453552246094
2020-01-23,304.80999755859375,276.9178466796875
2020-01-24,302.0299987792969,274.39227294921875
2020-01-27,297.2300109863281,270.0313720703125
2020-01-28,300.45001220703125,272.95684814453125
2020-01-29,300.1499938964844,272.6842956542969
2020-01-30,301.0899963378906,273.53826904296875
2020-01-31,295.69000244140625,268.63238525390625
2020-02-03,297.8399963378906,270.585693359375
2020-02-04,302.42999267578125,274.755615234375
2020-02-05,305.8500061035156,277.86273193359375
2020-02-06,306.8900146484375,278.80743408203125
2020-02-07,305.3299865722656,277.3902282714844
2020-02-10,307.5199890136719,279.37982177734375
2020-02-11,308.0799865722656,279.8885803222656
2020-02-12,310.05999755859375,281.6873779296875
2020-02-13,309.760009765625,281.4148864746094
2020-02-14,310.2799987792969,281.8872375488281
2020-02-18,309.42999267578125,281.1150817871094
2020-02-19,310.9200134277344,282.4686584472656
2020-02-20,309.70001220703125,281.3604431152344
2020-02-21,306.489990234375,278.4441223144531
2020-02-24,296.239990234375,269.132080078125
2020-02-25,287.3399963378906,261.0464782714844
2020-02-26,286.07000732421875,259.89263916015625
2020-02-27,273.3900146484375,248.37294006347656
2020-02-28,271.739990234375,246.8739471435547
2020-03-02,283.8699951171875,257.8940124511719
2020-03-03,276.0400085449219,250.78053283691406
2020-03-04,287.4800109863281,261.17364501953125
2020-03-05,277.8500061035156,252.42491149902344
2020-03-06,273.19000244140625,248.19129943847656
2020-03-09,252.11000061035156,229.04022216796875
2020-03-10,263.80999755859375,240.79476928710938
2020-03-11,250.72999572753906,228.85586547851562
2020-03-12,226.47999572753906,206.72149658203125
2020-03-13,247.63999938964844,226.0354461669922
2020-03-16,218.57000732421875,199.5015869140625
2020-03-17,232.8800048828125,212.5631103515625
2020-03-18,220.14999389648438,200.94371032714844
2020-03-19,220.33999633789062,201.11717224121094
2020-03-20,210.74000549316406,192.3546905517578
2020-03-23,204.27000427246094,186.44912719726562
2020-03-24,223.75,204.22962951660156
2020-03-25,226.6199951171875,206.84925842285156
2020-03-26,240.24000549316406,219.28106689453125
2020-03-27,232.86000061035156,212.54489135742188
2020-03-30,240.38999938964844,219.41795349121094
2020-03-31,236.82000732421875,216.159423828125
2020-04-01,226.14999389648438,206.4202423095703
2020-04-02,231.44000244140625,211.24874877929688
2020-04-03,228.02000427246094,208.12716674804688
2020-04-06,243.52999877929688,222.28404235839844
2020-04-07,243.66000366210938,222.4026641845703
2020-04-08,251.92999267578125,229.95120239257812
2020-04-09,255.6699981689453,233.36488342285156
2020-04-13,253.19000244140625,231.1012420654297
2020-04-14,260.9200134277344,238.15692138671875
2020-04-15,255.24000549316406,232.97242736816406
2020-04-16,256.5299987792969,234.14991760253906
2020-04-17,263.6099853515625,240.6121826171875
2020-04-20,258.8599853515625,236.2765655517578
2020-04-21,250.9499969482422,229.05667114257812
2020-04-22,256.4700012207031,234.09510803222656
2020-04-23,256.4200134277344,234.04949951171875
2020-04-24,260.1400146484375,237.44491577148438
2020-04-27,263.8999938964844,240.87692260742188
2020-04-28,262.67999267578125,239.7633514404297
2020-04-29,269.45001220703125,245.94273376464844
2020-04-30,267.1000061035156,243.79779052734375
2020-05-01,259.82000732421875,237.15284729003906
2020-05-04,260.6400146484375,237.9013214111328
2020-05-05,263.0400085449219,240.0919647216797
2020-05-06,261.2699890136719,238.47628784179688
2020-05-07,264.3599853515625,241.29672241210938
2020-05-08,268.7799987792969,245.3311767578125
2020-05-11,268.82000732421875,245.36766052246094
2020-05-12,263.4100036621094,240.42958068847656
2020-05-13,258.739990234375,236.16705322265625
2020-05-14,261.8599853515625,239.01487731933594
2020-05-15,263.0400085449219,240.0919647216797
2020-05-18,271.0799865722656,247.4305419921875
2020-05-19,268.5199890136719,245.0938720703125
2020-05-20,272.8999938964844,249.09165954589844
2020-05-21,270.94000244140625,247.30276489257812
2020-05-22,271.54998779296875,247.8594970703125
2020-05-26,275.0400085449219,251.04502868652344
2020-05-27,279.04998779296875,254.70521545410156
2020-05-28,278.5,254.20318603515625
2020-05-29,279.75,255.34410095214844
2020-06-01,280.9700012207031,256.45770263671875
2020-06-02,283.2799987792969,258.5661315917969
2020-06-03,287.0199890136719,261.9798583984375
2020-06-04,286.2900085449219,261.3135070800781
2020-06-05,293.6099853515625,267.9949645996094
2020-06-08,297.1700134277344,271.2443542480469
2020-06-09,295.05999755859375,269.3183898925781
2020-06-10,293.2200012207031,267.63897705078125
2020-06-11,276.32000732421875,252.21340942382812
2020-06-12,279.6499938964844,255.25282287597656
2020-06-15,282.20001220703125,257.5804138183594
2020-06-16,287.7200012207031,262.61883544921875
2020-06-17,286.3999938964844,261.4139404296875
2020-06-18,286.6600036621094,261.6513366699219
2020-06-19,284.9700012207031,260.108642578125
2020-06-22,286.8599853515625,261.83380126953125
2020-06-23,288.1600036621094,263.0203857421875
2020-06-24,280.7900085449219,256.29339599609375
2020-06-25,283.760009765625,259.00433349609375
2020-06-26,277.1099853515625,252.9344940185547
2020-06-29,279.70001220703125,256.6256408691406
2020-06-30,283.42999267578125,260.04779052734375
2020-07-01,285.3699951171875,261.8277587890625
2020-07-02,286.80999755859375,263.1489562988281
2020-07-06,291.260009765625,267.23193359375
2020-07-07,288.239990234375,264.4610290527344
2020-07-08,290.3800048828125,266.4245300292969
2020-07-09,288.8999938964844,265.0665283203125
2020-07-10,291.79998779296875,267.7273864746094
2020-07-13,289.1600036621094,265.30517578125
2020-07-14,293.0299987792969,268.8558349609375
2020-07-15,295.6300048828125,271.2413330078125
2020-07-16,294.7699890136719,270.45233154296875
2020-07-17,295.54998779296875,271.16796875
2020-07-20,298.010009765625,273.425048828125
2020-07-21,298.6300048828125,273.993896484375
2020-07-22,300.3299865722656,275.5536804199219
2020-07-23,296.739990234375,272.2598571777344
2020-07-24,294.82000732421875,270.4981994628906
2020-07-27,296.9700012207031,272.4708557128906
2020-07-28,295.1300048828125,270.7826232910156
2020-07-29,298.70001220703125,274.05816650390625
2020-07-30,297.6099853515625,273.05792236328125
2020-07-31,300.1000061035156,275.3426513671875
2020-08-03,301.989990234375,277.0766906738281
2020-08-04,303.260009765625,278.24200439453125
2020-08-05,305.1499938964844,279.9759826660156
2020-08-06,307.20001220703125,281.8569030761719
2020-08-07,307.3599853515625,282.003662109375
2020-08-10,308.3399963378906,282.90277099609375
2020-08-11,305.8500061035156,280.6183166503906
2020-08-12,310.0400085449219,284.46270751953125
2020-08-13,309.510009765625,283.97637939453125
2020-08-14,309.510009765625,283.97637939453125
2020-08-17,310.510009765625,284.89385986328125
2020-08-18,311.1600036621094,285.4902038574219
2020-08-19,309.8399963378906,284.2790832519531
2020-08-20,310.82000732421875,285.17822265625
2020-08-21,311.92999267578125,286.1966552734375
2020-08-24,315.1000061035156,289.1051330566406
2020-08-25,316.20001220703125,290.11444091796875
2020-08-26,319.42999267578125,293.077880859375
2020-08-27,320.07000732421875,293.6651611328125
2020-08-28,322.1499938964844,295.5735168457031
2020-08-31,321.0199890136719,294.5367126464844
2020-09-01,324.0199890136719,297.2892150878906
2020-09-02,328.739990234375,301.619873046875
2020-09-03,317.3599853515625,291.1786804199219
2020-09-04,314.82000732421875,288.8482666015625
2020-09-08,306.1700134277344,280.9119873046875
2020-09-09,312.2099914550781,286.4535827636719
2020-09-10,306.75,281.44403076171875
2020-09-11,306.9800109863281,281.655029296875
2020-09-14,310.9700012207031,285.3159484863281
2020-09-15,312.57000732421875,286.7839660644531
2020-09-16,311.30999755859375,285.6278991699219
2020-09-17,308.5899963378906,283.13226318359375
2020-09-18,305.0,279.83831787109375
2020-09-21,301.69000244140625,276.801513671875
2020-09-22,304.739990234375,279.59979248046875
2020-09-23,297.67999267578125,273.12213134765625
2020-09-24,298.5,273.8745422363281
2020-09-25,303.2799987792969,278.2602233886719
2020-09-28,308.3599853515625,282.9211120605469
2020-09-29,305.29998779296875,281.3078308105469
2020-09-30,307.6499938964844,283.4731750488281
2020-10-01,309.6000061035156,285.2698669433594
2020-10-02,306.7200012207031,282.61614990234375
2020-10-05,312.0799865722656,287.5549011230469
2020-10-06,307.7200012207031,283.5375671386719
2020-10-07,313.0,288.40264892578125
2020-10-08,315.7699890136719,290.9549865722656
2020-10-09,318.5799865722656,293.5440979003906
2020-10-12,323.7200012207031,298.2801818847656
2020-10-13,321.6499938964844,296.3728942871094
2020-10-14,319.6400146484375,294.5209045410156
2020-10-15,319.260009765625,294.1706848144531
2020-10-16,318.989990234375,293.92193603515625
2020-10-19,314.1700134277344,289.4807434082031
2020-10-20,315.4100036621094,290.62335205078125
2020-10-21,314.8399963378906,290.0981140136719
2020-10-22,316.57000732421875,291.6921081542969
2020-10-23,317.6499938964844,292.687255859375
2020-10-26,311.79998779296875,287.2969970703125
2020-10-27,310.7699890136719,286.3478698730469
2020-10-28,300.07000732421875,276.48876953125
2020-10-29,303.2300109863281,279.4004211425781
2020-10-30,299.82000732421875,276.2584533691406
2020-11-02,303.30999755859375,279.4742126464844
2020-11-03,308.6600036621094,284.4037170410156
2020-11-04,315.6099853515625,290.8075866699219
2020-11-05,321.7900085449219,296.50189208984375
2020-11-06,321.75,296.465087890625
2020-11-09,325.760009765625,300.159912109375
2020-11-10,325.3399963378906,299.77288818359375
2020-11-11,327.6300048828125,301.8829650878906
2020-11-12,324.6000061035156,299.09112548828125
2020-11-13,329.010009765625,303.1545104980469
2020-11-16,333.0,306.8309326171875
2020-11-17,331.3399963378906,305.3014221191406
2020-11-18,327.32000732421875,301.5972900390625
2020-11-19,328.69000244140625,302.85968017578125
2020-11-20,326.489990234375,300.8324890136719
2020-11-23,328.4200134277344,302.61090087890625
2020-11-24,333.739990234375,307.5128173828125
2020-11-25,333.19000244140625,307.00604248046875
2020-11-27,334.1400146484375,307.88140869140625
2020-11-30,332.6400146484375,306.499267578125
2020-12-01,336.29998779296875,309.8716125488281
2020-12-02,337.010009765625,310.52581787109375
2020-12-03,336.9100036621094,310.4337158203125
2020-12-04,339.80999755859375,313.1058044433594
2020-12-07,339.17999267578125,312.5252685546875
2020-12-08,340.1600036621094,313.42828369140625
2020-12-09,337.1400146484375,310.64569091796875
2020-12-10,336.9800109863281,310.4981994628906
2020-12-11,336.54998779296875,310.1019287109375
2020-12-14,335.010009765625,308.68310546875
2020-12-15,339.6400146484375,312.94927978515625
2020-12-16,340.1600036621094,313.42828369140625
2020-12-17,342.010009765625,315.1328430175781
2020-12-18,340.6400146484375,313.8705749511719
2020-12-21,339.5899963378906,312.9031066894531
2020-12-22,337.5400085449219,312.2859191894531
2020-12-23,337.80999755859375,312.5357360839844
2020-12-24,339.1600036621094,313.7848205566406
2020-12-28,342.1099853515625,316.5140075683594
2020-12-29,341.3900146484375,315.8479309082031
2020-12-30,341.8500061035156,316.2735595703125
2020-12-31,343.69000244140625,317.97589111328125
2021-01-04,339.0299987792969,313.66455078125
2021-01-05,341.260009765625,315.7276611328125
2021-01-06,343.3299865722656,317.642822265625
2021-01-07,348.4599914550781,322.38897705078125
2021-01-08,350.4200134277344,324.20233154296875
2021-01-11,348.1300048828125,322.08367919921875
2021-01-12,348.1600036621094,322.1114807128906
2021-01-13,349.0299987792969,322.9163513183594
2021-01-14,347.8500061035156,321.8245544433594
2021-01-15,345.3699951171875,319.53009033203125
2021-01-19,348.1000061035156,322.0558776855469
2021-01-20,352.8299865722656,326.4319763183594
2021-01-21,353.1600036621094,326.7373962402344
2021-01-22,351.8999938964844,325.5715637207031
2021-01-25,353.3299865722656,326.8946228027344
2021-01-26,352.79998779296875,326.40423583984375
2021-01-27,344.239990234375,318.4847106933594
2021-01-28,347.1300048828125,321.1585388183594
2021-01-29,340.17999267578125,314.72845458984375
2021-02-01,345.7699890136719,319.9002685546875
2021-02-02,350.739990234375,324.4984130859375
2021-02-03,351.0899963378906,324.82220458984375
2021-02-04,355.0199890136719,328.4581604003906
2021-02-05,356.44000244140625,329.77197265625
2021-02-08,359.07000732421875,332.2051696777344
2021-02-09,358.7799987792969,331.9368591308594
2021-02-10,358.6400146484375,331.8073425292969
2021-02-11,359.2200012207031,332.343994140625
2021-02-12,361.04998779296875,334.03704833984375
2021-02-16,360.7099914550781,333.72247314453125
2021-02-17,360.7900085449219,333.7964782714844
2021-02-18,359.25,332.3717346191406
2021-02-19,358.5899963378906,331.7611083984375
2021-02-22,355.7699890136719,329.1520690917969
2021-02-23,356.2200012207031,329.568359375
2021-02-24,360.1600036621094,333.21356201171875
2021-02-25,351.5199890136719,325.2200622558594
2021-02-26,349.5899963378906,323.43450927734375
2021-03-01,358.1199951171875,331.3262023925781
2021-03-02,355.3500061035156,328.7635192871094
2021-03-03,350.6600036621094,324.4244384765625
2021-03-04,346.3399963378906,320.42755126953125
2021-03-05,352.69000244140625,326.3024597167969
2021-03-08,350.9599914550781,324.70184326171875
2021-03-09,355.8699951171875,329.2445983886719
2021-03-10,358.07000732421875,331.280029296875
2021-03-11,361.8500061035156,334.77716064453125
2021-03-12,362.3599853515625,335.2490234375
2021-03-15,364.4599914550781,337.19195556640625
2021-03-16,364.04998779296875,336.8125915527344
2021-03-17,365.239990234375,337.9134521484375
2021-03-18,359.8699951171875,332.9452819824219
2021-03-19,359.2300109863281,332.35321044921875
2021-03-22,362.07000732421875,334.98065185546875
2021-03-23,359.4100036621094,332.519775390625
2021-03-24,357.4200134277344,330.6786193847656
2021-03-25,359.42999267578125,332.5382385253906
2021-03-26,364.010009765625,337.9631652832031
2021-03-29,363.7900085449219,337.75885009765625
2021-03-30,362.8599853515625,336.8954162597656
2021-03-31,364.29998779296875,338.2323913574219
2021-04-01,368.1600036621094,341.8161926269531
2021-04-05,373.4700012207031,346.74615478515625
2021-04-06,373.260009765625,346.5513000488281
2021-04-07,373.7300109863281,346.9875793457031
2021-04-08,375.54998779296875,348.67730712890625
2021-04-09,378.25,351.1841125488281
2021-04-12,378.4200134277344,351.342041015625
2021-04-13,379.45001220703125,352.2982482910156
2021-04-14,378.2300109863281,351.16558837890625
2021-04-15,382.2900085449219,354.93511962890625
2021-04-16,383.6300048828125,356.1792297363281
2021-04-19,381.739990234375,354.4244689941406
2021-04-20,378.94000244140625,351.82489013671875
2021-04-21,382.5,355.1300964355469
2021-04-22,378.989990234375,351.8711853027344
2021-04-23,383.0299987792969,355.6221923828125
2021-04-26,383.8599853515625,356.3927307128906
2021-04-27,383.739990234375,356.28131103515625
2021-04-28,383.55999755859375,356.1142883300781
2021-04-29,386.1199951171875,358.49102783203125
2021-04-30,383.57000732421875,356.12353515625
2021-05-03,384.44000244140625,356.9312744140625
2021-05-04,382.1000061035156,354.7586975097656
2021-05-05,382.1700134277344,354.8236999511719
2021-05-06,385.2799987792969,357.7110900878906
2021-05-07,388.0299987792969,360.2644958496094
2021-05-10,384.2300109863281,356.7362976074219
2021-05-11,380.8599853515625,353.6073303222656
2021-05-12,372.7300109863281,346.05914306640625
2021-05-13,377.1600036621094,350.172119140625
2021-05-14,382.95001220703125,355.5478515625
2021-05-17,382.0299987792969,354.6936950683594
2021-05-18,378.7300109863281,351.6298828125
2021-05-19,377.7300109863281,350.701416015625
2021-05-20,381.760009765625,354.4430847167969
2021-05-21,381.4700012207031,354.17376708984375
2021-05-24,385.32000732421875,357.7483215332031
2021-05-25,384.510009765625,356.9962158203125
2021-05-26,385.2099914550781,357.6461486816406
2021-05-27,385.3800048828125,357.8039245605469
2021-05-28,386.1300048828125,358.5003662109375
2021-06-01,385.8299865722656,358.2218322753906
2021-06-02,386.4800109863281,358.8253173828125
2021-06-03,385.010009765625,357.4604187011719
2021-06-04,388.5,360.70074462890625
2021-06-07,388.1700134277344,360.39434814453125
2021-06-08,388.2300109863281,360.4500427246094
2021-06-09,387.6199951171875,359.88372802734375
2021-06-10,389.4100036621094,361.5455627441406
2021-06-11,390.0899963378906,362.1769104003906
2021-06-14,391.07000732421875,363.0868225097656
2021-06-15,390.25,362.3255310058594
2021-06-16,388.1099853515625,360.338623046875
2021-06-17,387.9700012207031,360.2086486816406
2021-06-18,382.82000732421875,355.4272766113281
2021-06-21,388.17999267578125,360.4035949707031
2021-06-22,390.239990234375,362.3162536621094
2021-06-23,389.82000732421875,361.92620849609375
2021-06-24,392.04998779296875,363.9967041015625
2021-06-25,393.5,365.3429260253906
2021-06-28,394.32000732421875,366.1043395996094
2021-06-29,393.1600036621094,366.265380859375
2021-06-30,393.5199890136719,366.6007385253906
2021-07-01,395.739990234375,368.6689147949219
2021-07-02,398.75,371.4730529785156
2021-07-06,398.0,370.77435302734375
2021-07-07,399.3699951171875,372.05059814453125
2021-07-08,396.19000244140625,369.0881652832031
2021-07-09,400.3699951171875,372.9822082519531
2021-07-12,401.82000732421875,374.3329772949219
2021-07-13,400.4599914550781,373.06610107421875
2021-07-14,401.010009765625,373.5784606933594
2021-07-15,399.7200012207031,372.3766174316406
2021-07-16,396.6099853515625,369.47943115234375
2021-07-19,390.67999267578125,363.955078125
2021-07-20,396.20001220703125,369.0975036621094
2021-07-21,399.5299987792969,372.19964599609375
2021-07-22,400.3800048828125,372.9914855957031
2021-07-23,404.3800048828125,376.7179260253906
2021-07-26,405.4100036621094,377.6775207519531
2021-07-27,403.6099853515625,376.0006103515625
2021-07-28,403.3900146484375,375.7956848144531
2021-07-29,405.1300048828125,377.4165954589844
2021-07-30,403.1499938964844,375.572021484375
2021-08-02,402.3299865722656,374.80816650390625
2021-08-03,405.5799865722656,377.83575439453125
2021-08-04,403.6400146484375,376.02850341796875
2021-08-05,406.1600036621094,378.37615966796875
2021-08-06,406.8599853515625,379.0283203125
2021-08-09,406.4700012207031,378.6650085449219
2021-08-10,406.9800109863281,379.1401062011719
2021-08-11,407.9599914550781,380.052978515625
2021-08-12,409.1499938964844,381.16162109375
2021-08-13,409.9599914550781,381.9161682128906
2021-08-16,410.94000244140625,382.8292236328125
2021-08-17,408.2300109863281,380.3045349121094
2021-08-18,403.8399963378906,376.2148132324219
2021-08-19,404.4100036621094,376.7458190917969
2021-08-20,407.6099853515625,379.72698974609375
2021-08-23,411.2200012207031,383.09002685546875
2021-08-24,411.8699951171875,383.695556640625
2021-08-25,412.6300048828125,384.4035949707031
2021-08-26,410.2200012207031,382.158447265625
2021-08-27,413.8599853515625,385.54931640625
2021-08-30,415.760009765625,387.3194885253906
2021-08-31,415.04998779296875,386.6579895019531
2021-09-01,415.489990234375,387.0678405761719
2021-09-02,416.7300109863281,388.2231140136719
2021-09-03,416.57000732421875,388.0740661621094
2021-09-07,415.0299987792969,386.63934326171875
2021-09-08,414.6300048828125,386.2666931152344
2021-09-09,412.7699890136719,384.53399658203125
2021-09-10,409.5799865722656,381.56219482421875
2021-09-13,410.5400085449219,382.4565734863281
2021-09-14,408.4100036621094,380.4722900390625
2021-09-15,411.82000732421875,383.6489562988281
2021-09-16,411.1099853515625,382.987548828125
2021-09-17,407.0799865722656,379.23321533203125
2021-09-20,400.42999267578125,373.0380859375
2021-09-21,400.0400085449219,372.6747741699219
2021-09-22,403.8999938964844,376.2707214355469
2021-09-23,408.7799987792969,380.8168640136719
2021-09-24,409.4599914550781,381.4504699707031
2021-09-27,408.29998779296875,380.3697509765625
2021-09-28,400.1400146484375,372.7679443359375
2021-09-29,399.4599914550781,373.3548889160156
2021-09-30,394.3999938964844,368.6255187988281
2021-10-01,399.1199951171875,373.0370788574219
2021-10-04,394.2099914550781,368.4480285644531
2021-10-05,398.0400085449219,372.0277099609375
2021-10-06,399.80999755859375,373.6820068359375
2021-10-07,403.25,376.89715576171875
2021-10-08,402.489990234375,376.1869201660156
2021-10-11,399.55999755859375,373.4483642578125
2021-10-12,398.760009765625,372.70068359375
2021-10-13,400.0400085449219,373.89703369140625
2021-10-14,406.760009765625,380.17791748046875
2021-10-15,409.92999267578125,383.14068603515625
2021-10-18,411.17999267578125,384.3090515136719
2021-10-19,414.3800048828125,387.29986572265625
2021-10-20,415.989990234375,388.8046569824219
2021-10-21,417.010009765625,389.758056640625
2021-10-22,416.5899963378906,389.36541748046875
2021-10-25,418.75,391.38421630859375
2021-10-26,419.1499938964844,391.7581481933594
2021-10-27,417.3299865722656,390.05706787109375
2021-10-28,421.4100036621094,393.87042236328125
2021-10-29,422.1600036621094,394.5714416503906
2021-11-01,423.04998779296875,395.4032897949219
2021-11-02,424.69000244140625,396.93609619140625
2021-11-03,427.25,399.3287658691406
2021-11-04,429.25,401.19805908203125
2021-11-05,430.7099914550781,402.5627136230469
2021-11-08,431.2300109863281,403.0487365722656
2021-11-09,429.7200012207031,401.6374206542969
2021-11-10,426.260009765625,398.40350341796875
2021-11-11,426.3999938964844,398.5343933105469
2021-11-12,429.57000732421875,401.4972229003906
2021-11-15,429.7699890136719,401.68408203125
2021-11-16,431.4100036621094,403.2169494628906
2021-11-17,430.3699951171875,402.24493408203125
2021-11-18,431.8599853515625,403.6375732421875
2021-11-19,431.04998779296875,402.8804931640625
2021-11-22,429.9100036621094,401.81500244140625
2021-11-23,430.4700012207031,402.3384704589844
2021-11-24,431.5299987792969,403.3290710449219
2021-11-26,422.1400146484375,394.5527648925781
2021-11-29,427.239990234375,399.3194580078125
2021-11-30,419.05999755859375,391.6739807128906
2021-12-01,414.239990234375,387.16900634765625
2021-12-02,420.55999755859375,393.0759582519531
2021-12-03,416.8399963378906,389.59906005859375
2021-12-06,421.82000732421875,394.253662109375
2021-12-07,430.489990234375,402.3570861816406
2021-12-08,431.70001220703125,403.4880065917969
2021-12-09,428.760009765625,400.7401123046875
2021-12-10,432.8500061035156,404.5627746582031
2021-12-13,429.010009765625,400.97381591796875
2021-12-14,426.0899963378906,398.24468994140625
2021-12-15,432.75,404.4693298339844
2021-12-16,428.8399963378906,400.8149108886719
2021-12-17,424.3900146484375,396.6556396484375
2021-12-20,419.79998779296875,392.3656921386719
2021-12-21,425.69000244140625,399.3289489746094
2021-12-22,429.989990234375,403.3626708984375
2021-12-23,432.6400146484375,405.84857177734375
2021-12-27,438.80999755859375,411.6365661621094
2021-12-28,438.4800109863281,411.3269958496094
2021-12-29,439.010009765625,411.82415771484375
2021-12-30,437.7699890136719,410.6609802246094
2021-12-31,436.57000732421875,409.5352783203125
2022-01-03,439.25,412.0493469238281
2022-01-04,439.07000732421875,411.8805236816406
2022-01-05,430.6600036621094,403.99127197265625
2022-01-06,430.0799865722656,403.44708251953125
2022-01-07,428.5899963378906,402.0494079589844
2022-01-10,428.0299987792969,401.52410888671875
2022-01-11,431.7799987792969,405.04180908203125
2022-01-12,433.07000732421875,406.251953125
2022-01-13,427.1000061035156,400.65167236328125
2022-01-14,427.2300109863281,400.77362060546875
2022-01-18,419.739990234375,393.7474365234375
2022-01-19,415.3299865722656,389.6105041503906
2022-01-20,410.760009765625,385.3235168457031
2022-01-21,402.69000244140625,377.7532653808594
2022-01-24,404.3699951171875,379.3292236328125
2022-01-25,399.4599914550781,374.7232666015625
2022-01-26,398.55999755859375,373.8790588378906
2022-01-27,396.5400085449219,371.9841003417969
2022-01-28,406.260009765625,381.10223388671875
2022-01-31,413.69000244140625,388.0720520019531
2022-02-01,416.3900146484375,390.60491943359375
2022-02-02,420.3599853515625,394.3290100097656
2022-02-03,410.5899963378906,385.1640319824219
2022-02-04,412.5199890136719,386.97454833984375
2022-02-07,411.1600036621094,385.6988220214844
2022-02-08,414.489990234375,388.822509765625
2022-02-09,420.57000732421875,394.5260925292969
2022-02-10,413.17999267578125,387.59368896484375
2022-02-11,404.94000244140625,379.86395263671875
2022-02-14,403.6199951171875,378.625732421875
2022-02-15,410.1000061035156,384.7044677734375
2022-02-16,410.5899963378906,385.1640319824219
2022-02-17,401.8599853515625,376.9746398925781
2022-02-18,399.2900085449219,374.5638427734375
2022-02-22,394.9200134277344,370.4644775390625
2022-02-23,387.80999755859375,363.79473876953125
2022-02-24,393.7699890136719,369.3856506347656
2022-02-25,402.3699951171875,377.45306396484375
2022-02-28,401.3599853515625,376.5056457519531
2022-03-01,395.3399963378906,370.8583984375
2022-03-02,402.6000061035156,377.66888427734375
2022-03-03,400.5799865722656,375.77392578125
2022-03-04,397.3399963378906,372.734619140625
2022-03-07,385.6099853515625,361.7309265136719
2022-03-08,382.70001220703125,359.00115966796875
2022-03-09,392.8999938964844,368.5694885253906
2022-03-10,391.1499938964844,366.92791748046875
2022-03-11,386.1600036621094,362.2468566894531
2022-03-14,383.3399963378906,359.6015319824219
2022-03-15,391.75,367.4907531738281
2022-03-16,400.510009765625,375.7082824707031
2022-03-17,405.4100036621094,380.30487060546875
2022-03-18,409.8900146484375,384.5074157714844
2022-03-21,409.9100036621094,384.52618408203125
2022-03-22,414.6700134277344,388.991455078125
2022-03-23,409.3299865722656,383.98211669921875
2022-03-24,414.0199890136719,389.6897888183594
2022-03-25,416.1199951171875,391.66632080078125
2022-03-28,418.989990234375,394.36767578125
2022-03-29,424.2900085449219,399.35626220703125
2022-03-30,421.6499938964844,396.8713684082031
2022-03-31,415.1700134277344,390.7721252441406
2022-04-01,416.32000732421875,391.85455322265625
2022-04-04,419.8500061035156,395.1770935058594
2022-04-05,414.6600036621094,390.2921142578125
2022-04-06,410.4599914550781,386.3388977050781
2022-04-07,412.5299987792969,388.2873229980469
2022-04-08,411.5299987792969,387.3460388183594
2022-04-11,404.3999938964844,380.6351318359375
2022-04-12,402.9200134277344,379.2420654296875
2022-04-13,407.4700012207031,383.524658203125
2022-04-14,402.5199890136719,378.8655090332031
2022-04-18,402.5899963378906,378.9313659667969
2022-04-19,409.0199890136719,384.9835510253906
2022-04-20,408.7099914550781,384.6917724609375
2022-04-21,402.6499938964844,378.9879150390625
2022-04-22,391.6600036621094,368.64373779296875
2022-04-25,393.79998779296875,370.657958984375
2022-04-26,382.5400085449219,360.05975341796875
2022-04-27,383.5299987792969,360.99151611328125
2022-04-28,393.1400146484375,370.0367736816406
2022-04-29,378.70001220703125,356.4453125
2022-05-02,381.0799865722656,358.6854248046875
2022-05-03,382.7300109863281,360.238525390625
2022-05-04,394.3399963378906,371.166259765625
2022-05-05,380.489990234375,358.130126953125
2022-05-06,378.1000061035156,355.880615234375
2022-05-09,365.8999938964844,344.3975830078125
2022-05-10,366.8399963378906,345.2823486328125
2022-05-11,360.92999267578125,339.7196044921875
2022-05-12,360.6499938964844,339.45611572265625
2022-05-13,369.1600036621094,347.46600341796875
2022-05-16,367.8399963378906,346.22357177734375
2022-05-17,375.20001220703125,353.1509704589844
2022-05-18,360.3399963378906,339.1643371582031
2022-05-19,357.92999267578125,336.8959045410156
2022-05-20,358.0199890136719,336.9806213378906
2022-05-23,364.80999755859375,343.3716125488281
2022-05-24,362.17999267578125,340.8961181640625
2022-05-25,365.20001220703125,343.7387390136719
2022-05-26,372.4599914550781,350.57208251953125
2022-05-27,381.79998779296875,359.36309814453125
2022-05-31,379.67999267578125,357.36773681640625
2022-06-01,376.5,354.3746337890625
2022-06-02,383.6499938964844,361.1044921875
2022-06-03,377.44000244140625,355.2593688964844
2022-06-06,378.4700012207031,356.2289123535156
2022-06-07,382.1700134277344,359.7114562988281
2022-06-08,377.989990234375,355.7770080566406
2022-06-09,369.1000061035156,347.4095153808594
2022-06-10,358.2699890136719,337.21588134765625
2022-06-13,344.4599914550781,324.2174377441406
2022-06-14,343.6000061035156,323.4080505371094
2022-06-15,348.5199890136719,328.0389404296875
2022-06-16,337.07000732421875,317.2618103027344
2022-06-17,337.95001220703125,318.09002685546875
2022-06-21,346.2300109863281,325.88348388671875
2022-06-22,345.5,325.1964111328125
2022-06-23,349.1300048828125,328.613037109375
2022-06-24,360.0,338.84423828125
2022-06-27,358.6499938964844,337.5736389160156
2022-06-28,350.8999938964844,330.2790222167969
2022-06-29,349.6400146484375,330.4416198730469
2022-06-30,346.8800048828125,327.8330993652344
2022-07-01,350.44000244140625,331.1976623535156
2022-07-05,351.05999755859375,331.78363037109375
2022-07-06,352.3299865722656,332.98382568359375
2022-07-07,357.5,337.87005615234375
2022-07-08,357.2900085449219,337.6715393066406
2022-07-11,353.25,333.8533935546875
2022-07-12,349.989990234375,330.7723388671875
2022-07-13,348.3599853515625,329.23187255859375
2022-07-14,347.44000244140625,328.3623962402344
2022-07-15,354.010009765625,334.5716247558594
2022-07-18,351.0799865722656,331.8025207519531
2022-07-19,360.6099853515625,340.8092346191406
2022-07-20,362.9200134277344,342.99237060546875
2022-07-21,366.5899963378906,346.46087646484375
2022-07-22,363.25,343.3042907714844
2022-07-25,363.6099853515625,343.6445007324219
2022-07-26,359.25,339.52386474609375
2022-07-27,368.6600036621094,348.417236328125
2022-07-28,373.32000732421875,352.82135009765625
2022-07-29,378.7900085449219,357.9910583496094
2022-08-01,377.6499938964844,356.9135437011719
2022-08-02,375.2099914550781,354.6075439453125
2022-08-03,381.07000732421875,360.14581298828125
2022-08-04,380.7699890136719,359.86224365234375
2022-08-05,379.9800109863281,359.1156005859375
2022-08-08,379.6400146484375,358.7943420410156
2022-08-09,378.1400146484375,357.3766784667969
2022-08-10,386.05999755859375,364.8617858886719
2022-08-11,386.05999755859375,364.8617858886719
2022-08-12,392.6700134277344,371.10888671875
2022-08-15,394.3500061035156,372.69659423828125
2022-08-16,395.0400085449219,373.3487854003906
2022-08-17,392.3399963378906,370.7969970703125
2022-08-18,393.54998779296875,371.9405822753906
2022-08-19,388.1199951171875,366.8086853027344
2022-08-22,379.94000244140625,359.0779113769531
2022-08-23,379.0400085449219,358.2272644042969
2022-08-24,380.19000244140625,359.3141174316406
2022-08-25,385.7300109863281,364.54998779296875
2022-08-26,372.510009765625,352.0558166503906
2022-08-29,370.04998779296875,349.73089599609375
2022-08-30,366.0299987792969,345.9316101074219
2022-08-31,363.1499938964844,343.20977783203125
2022-09-01,364.2699890136719,344.2682800292969
2022-09-02,360.45001220703125,340.6581115722656
2022-09-06,359.239990234375,339.5144348144531
2022-09-07,365.67999267578125,345.60089111328125
2022-09-08,368.07000732421875,347.8595886230469
2022-09-09,373.75,353.2277526855469
2022-09-12,377.8599853515625,357.1120300292969
2022-09-13,361.3800048828125,341.5369567871094
2022-09-14,362.7300109863281,342.8128662109375
2022-09-15,358.67999267578125,338.9852294921875
2022-09-16,355.8599853515625,336.3200988769531
2022-09-19,358.5899963378906,338.9002380371094
2022-09-20,354.54998779296875,335.08197021484375
2022-09-21,348.30999755859375,329.18463134765625
2022-09-22,345.3699951171875,326.40606689453125
2022-09-23,339.6300048828125,320.9812927246094
2022-09-26,336.3399963378906,317.8719177246094
2022-09-27,335.3900146484375,316.9740905761719
2022-09-28,340.4800109863281,323.20013427734375
2022-09-29,333.3800048828125,316.46051025390625
2022-09-30,328.29998779296875,311.6383056640625
2022-10-03,336.9800109863281,319.8778381347656
2022-10-04,347.2099914550781,329.5886535644531
2022-10-05,346.6099853515625,329.0191345214844
2022-10-06,342.9599914550781,325.5543518066406
2022-10-07,333.3299865722656,316.4130554199219
2022-10-10,330.8399963378906,314.0494689941406
2022-10-11,328.6600036621094,311.98004150390625
2022-10-12,327.6400146484375,311.0118408203125
2022-10-13,336.2200012207031,319.1564025878906
2022-10-14,328.6499938964844,311.9705810546875
2022-10-17,337.0,319.8968200683594
2022-10-18,340.9700012207031,323.6653137207031
2022-10-19,338.6099853515625,321.42510986328125
2022-10-20,335.8299865722656,318.7861328125
2022-10-21,343.8999938964844,326.44659423828125
2022-10-24,348.0899963378906,330.4239501953125
2022-10-25,353.75,335.7967529296875
2022-10-26,351.1099853515625,333.2906494140625
2022-10-27,349.2300109863281,331.5061340332031
2022-10-28,357.3800048828125,339.24249267578125
2022-10-31,354.95001220703125,336.93585205078125
2022-11-01,353.5199890136719,335.57843017578125
2022-11-02,344.5,327.01617431640625
2022-11-03,340.8299865722656,323.53240966796875
2022-11-04,345.82000732421875,328.2691955566406
2022-11-07,349.1400146484375,331.42071533203125
2022-11-08,351.0400085449219,333.2242126464844
2022-11-09,343.8699951171875,326.4181213378906
2022-11-10,362.69000244140625,344.2829895019531
2022-11-11,366.1600036621094,347.5768737792969
2022-11-14,363.2200012207031,344.7861022949219
2022-11-15,366.2200012207031,347.6338195800781
2022-11-16,363.44000244140625,344.9949645996094
2022-11-17,362.3900146484375,343.99822998046875
2022-11-18,363.989990234375,345.5169982910156
2022-11-21,362.7099914550781,344.3019714355469
2022-11-22,367.5400085449219,348.88690185546875
2022-11-23,369.8399963378906,351.0701904296875
2022-11-25,369.79998779296875,351.0321350097656
2022-11-28,363.95001220703125,345.47900390625
2022-11-29,363.30999755859375,344.8714904785156
2022-11-30,374.489990234375,355.484130859375
2022-12-01,374.5400085449219,355.5315856933594
2022-12-02,374.0,355.01898193359375
2022-12-05,367.3399963378906,348.69696044921875
2022-12-06,362.0299987792969,343.6564636230469
2022-12-07,361.3299865722656,342.991943359375
2022-12-08,364.17999267578125,345.69732666015625
2022-12-09,361.5199890136719,343.17236328125
2022-12-12,366.67999267578125,348.0704650878906
2022-12-13,369.3900146484375,350.6429443359375
2022-12-14,367.1600036621094,348.5261535644531
2022-12-15,358.1300048828125,339.9544372558594
2022-12-16,353.8599853515625,335.90106201171875
2022-12-19,350.80999755859375,333.00592041015625
2022-12-20,349.6700134277344,333.5133361816406
2022-12-21,354.8999938964844,338.50164794921875
2022-12-22,349.9100036621094,333.7422180175781
2022-12-23,351.8699951171875,335.61163330078125
2022-12-27,350.4700012207031,334.2763366699219
2022-12-28,346.1700134277344,330.175048828125
2022-12-29,352.30999755859375,336.0313415527344
2022-12-30,351.3399963378906,335.106201171875
2023-01-03,349.989990234375,333.8184814453125
2023-01-04,352.510009765625,336.22216796875
2023-01-05,348.6600036621094,332.5499572753906
2023-01-06,356.5899963378906,340.11358642578125
2023-01-09,356.3299865722656,339.8656005859375
2023-01-10,358.8699951171875,342.28826904296875
2023-01-11,363.45001220703125,346.65667724609375
2023-01-12,364.80999755859375,347.95379638671875
2023-01-13,366.2300109863281,349.30816650390625
2023-01-17,365.6700134277344,348.7740173339844
2023-01-18,359.7300109863281,343.1085205078125
2023-01-19,357.1400146484375,340.63812255859375
2023-01-20,363.7099914550781,346.90460205078125
2023-01-23,368.1400146484375,351.1299133300781
2023-01-24,367.75,350.7579040527344
2023-01-25,367.8800048828125,350.8819274902344
2023-01-26,371.80999755859375,354.63031005859375
2023-01-27,372.8699951171875,355.641357421875
2023-01-30,368.2099914550781,351.19659423828125
2023-01-31,373.44000244140625,356.18505859375
2023-02-01,377.5299987792969,360.0860900878906
2023-02-02,382.94000244140625,365.24609375
2023-02-03,378.8500061035156,361.3450622558594
2023-02-06,376.6600036621094,359.25628662109375
2023-02-07,381.5199890136719,363.89166259765625
2023-02-08,377.3399963378906,359.9048156738281
2023-02-09,374.1099853515625,356.8240966796875
2023-02-10,375.0199890136719,357.6920166015625
2023-02-13,379.3500061035156,361.8218994140625
2023-02-14,379.2099914550781,361.68841552734375
2023-02-15,380.4800109863281,362.89971923828125
2023-02-16,375.19000244140625,357.8541564941406
2023-02-17,374.2200012207031,356.928955078125
2023-02-21,366.7900085449219,349.8423156738281
2023-02-22,366.3299865722656,349.403564453125
2023-02-23,368.1700134277344,351.15850830078125
2023-02-24,364.2300109863281,347.400634765625
2023-02-27,365.489990234375,348.6023254394531
2023-02-28,364.1099853515625,347.28619384765625
2023-03-01,362.7799987792969,346.0175476074219
2023-03-02,365.489990234375,348.6023254394531
2023-03-03,371.2799987792969,354.1248779296875
2023-03-06,371.7300109863281,354.5540771484375
2023-03-07,365.9800109863281,349.0697021484375
2023-03-08,366.54998779296875,349.6133728027344
2023-03-09,359.8399963378906,343.2134094238281
2023-03-10,354.67999267578125,338.2918701171875
2023-03-13,354.0799865722656,337.71954345703125
2023-03-14,359.9599914550781,343.327880859375
2023-03-15,357.739990234375,341.2104797363281
2023-03-16,363.8599853515625,347.0476379394531
2023-03-17,359.8800048828125,343.2515563964844
2023-03-20,363.1300048828125,346.3514099121094
2023-03-21,367.8800048828125,350.8819274902344
2023-03-22,361.7799987792969,345.06378173828125
2023-03-23,362.6400146484375,345.8840637207031
2023-03-24,363.55999755859375,348.1893615722656
2023-03-27,364.1600036621094,348.76397705078125
2023-03-28,363.5199890136719,348.1509704589844
2023-03-29,368.69000244140625,353.1024169921875
2023-03-30,370.8900146484375,355.20941162109375
2023-03-31,376.07000732421875,360.17041015625
2023-04-03,377.55999755859375,361.5973815917969
2023-04-04,375.42999267578125,359.55743408203125
2023-04-05,374.5199890136719,358.6859436035156
2023-04-06,375.95001220703125,360.055419921875
2023-04-10,376.3599853515625,360.4481201171875
2023-04-11,376.4100036621094,360.49603271484375
2023-04-12,374.9100036621094,359.0594177246094
2023-04-13,379.7699890136719,363.7139587402344
2023-04-14,378.989990234375,362.9669189453125
2023-04-17,380.2799987792969,364.2023620605469
2023-04-18,380.5400085449219,364.4514465332031
2023-04-19,380.5199890136719,364.4322814941406
2023-04-20,378.3699951171875,362.3731689453125
2023-04-21,378.5899963378906,362.58380126953125
2023-04-24,379.0899963378906,363.0627136230469
2023-04-25,373.1000061035156,357.3259582519531
2023-04-26,371.44000244140625,355.73614501953125
2023-04-27,378.80999755859375,362.79449462890625
2023-04-28,382.04998779296875,365.8975830078125
2023-05-01,381.7900085449219,365.6485900878906
2023-05-02,377.510009765625,361.5495300292969
2023-05-03,374.8800048828125,359.0306396484375
2023-05-04,372.1400146484375,356.4065246582031
2023-05-05,378.9700012207031,362.94775390625
2023-05-08,379.17999267578125,363.14892578125
2023-05-09,377.5400085449219,361.5782165527344
2023-05-10,379.19000244140625,363.1585388183594
2023-05-11,378.6600036621094,362.6508483886719
2023-05-12,378.1499938964844,362.1624755859375
2023-05-15,379.4599914550781,363.41705322265625
2023-05-16,376.95001220703125,361.0132141113281
2023-05-17,381.45001220703125,365.3229064941406
2023-05-18,385.17999267578125,368.8952331542969
2023-05-19,384.57000732421875,368.31103515625
2023-05-22,384.7799987792969,368.5121154785156
2023-05-23,380.4800109863281,364.3939208984375
2023-05-24,377.6300048828125,361.6644287109375
2023-05-25,380.9200134277344,364.81536865234375
2023-05-26,385.8699951171875,369.5560302734375
2023-05-30,385.989990234375,369.6709899902344
2023-05-31,383.8900146484375,367.6597900390625
2023-06-01,387.57000732421875,371.1842041015625
2023-06-02,393.260009765625,376.6336364746094
2023-06-05,392.5,375.9057312011719
2023-06-06,393.30999755859375,376.6815185546875
2023-06-07,392.0199890136719,375.4460144042969
2023-06-08,394.3699951171875,377.6966552734375
2023-06-09,395.0299987792969,378.3287658691406
2023-06-12,398.6600036621094,381.8053283691406
2023-06-13,401.2900085449219,384.32415771484375
2023-06-14,401.6000061035156,384.6210632324219
2023-06-15,406.75,389.55328369140625
2023-06-16,405.25,388.11669921875
2023-06-20,403.3800048828125,386.3257751464844
2023-06-21,401.1700134277344,384.2091979980469
2023-06-22,402.6300048828125,385.6075134277344
2023-06-23,399.6099853515625,382.7151794433594
2023-06-26,397.9599914550781,381.1348876953125
2023-06-27,402.3699951171875,385.35845947265625
2023-06-28,402.54998779296875,385.5308837890625
2023-06-29,402.510009765625,387.0077209472656
2023-06-30,407.2799987792969,391.59405517578125
2023-07-03,408.05999755859375,392.34393310546875
2023-07-05,407.1499938964844,391.4690246582031
2023-07-06,403.8299865722656,388.2768859863281
2023-07-07,402.8900146484375,387.3730773925781
2023-07-10,403.9700012207031,388.4115295410156
2023-07-11,406.55999755859375,390.9017028808594
2023-07-12,409.760009765625,393.978515625
2023-07-13,413.1000061035156,397.18988037109375
2023-07-14,412.7699890136719,396.8725280761719
2023-07-17,414.2099914550781,398.257080078125
2023-07-18,417.3500061035156,401.27618408203125
2023-07-19,418.25,402.1414794921875
2023-07-20,415.5199890136719,399.5166320800781
2023-07-21,415.57000732421875,399.5647888183594
2023-07-24,417.3299865722656,401.2569580078125
2023-07-25,418.55999755859375,402.43951416015625
2023-07-26,418.6600036621094,402.53570556640625
2023-07-27,415.82000732421875,399.8050537109375
2023-07-28,419.8699951171875,403.6990966796875
2023-07-31,420.67999267578125,404.4779052734375
2023-08-01,419.3800048828125,403.2279968261719
2023-08-02,413.57000732421875,397.64178466796875
2023-08-03,412.3999938964844,396.51678466796875
2023-08-04,410.3800048828125,394.5746154785156
2023-08-07,414.0799865722656,398.1321105957031
2023-08-08,412.2900085449219,396.4110412597656
2023-08-09,409.54998779296875,393.7765808105469
2023-08-10,409.7900085449219,394.0073547363281
2023-08-11,409.4100036621094,393.6419372558594
2023-08-14,411.7200012207031,395.86297607421875
2023-08-15,407.0,391.3247985839844
2023-08-16,403.989990234375,388.43072509765625
2023-08-17,400.7200012207031,385.28668212890625
2023-08-18,401.0899963378906,385.6423645019531
2023-08-21,403.739990234375,388.1903381347656
2023-08-22,402.6099853515625,387.1039123535156
2023-08-23,406.95001220703125,391.27667236328125
2023-08-24,401.5400085449219,386.0750732421875
2023-08-25,404.20001220703125,388.6325988769531
2023-08-28,406.8599853515625,391.19012451171875
2023-08-29,412.6400146484375,396.74761962890625
2023-08-30,414.3599853515625,398.4013366699219
2023-08-31,413.8299865722656,397.8917236328125
2023-09-01,414.7099914550781,398.73785400390625
2023-09-05,412.8999938964844,396.9975280761719
2023-09-06,410.04998779296875,394.2572937011719
2023-09-07,408.8299865722656,393.0842590332031
2023-09-08,409.3900146484375,393.62274169921875
2023-09-11,412.0799865722656,396.2091369628906
2023-09-12,409.8699951171875,394.0842590332031
2023-09-13,410.3500061035156,394.5457458496094
2023-09-14,413.8999938964844,397.95904541015625
2023-09-15,408.739990234375,392.99774169921875
2023-09-18,409.19000244140625,393.430419921875
2023-09-19,408.3699951171875,392.6420593261719
2023-09-20,404.54998779296875,388.9691162109375
2023-09-21,397.9200134277344,382.59454345703125
2023-09-22,396.9599914550781,381.6715087890625
2023-09-25,398.6099853515625,383.25787353515625
2023-09-26,392.760009765625,377.6332092285156
2023-09-27,392.8500061035156,377.7197570800781
2023-09-28,393.6400146484375,379.9232177734375
2023-09-29,392.70001220703125,379.0159606933594
2023-10-02,392.6700134277344,378.9870300292969
2023-10-03,387.3900146484375,373.8909606933594
2023-10-04,390.239990234375,376.6416015625
2023-10-05,389.9100036621094,376.3232116699219
2023-10-06,394.55999755859375,380.8111877441406
2023-10-09,397.19000244140625,383.3495178222656
2023-10-10,399.239990234375,385.32806396484375
2023-10-11,400.92999267578125,386.9591979980469
2023-10-12,398.5199890136719,384.6330871582031
2023-10-13,396.4200134277344,382.6063537597656
2023-10-16,400.57000732421875,386.6117248535156
2023-10-17,400.5799865722656,386.6213684082031
2023-10-18,395.2200012207031,381.44818115234375
2023-10-19,391.8699951171875,378.21490478515625
2023-10-20,386.989990234375,373.5049133300781
2023-10-23,386.30999755859375,372.8486633300781
2023-10-24,389.20001220703125,375.6379699707031
2023-10-25,383.7099914550781,370.3392333984375
2023-10-26,379.0,365.7933654785156
2023-10-27,377.32000732421875,364.17193603515625
2023-10-30,381.8599853515625,368.5536804199219
2023-10-31,384.1700134277344,370.78326416015625
2023-11-01,388.3999938964844,374.8658142089844
2023-11-02,395.7799987792969,381.9886169433594
2023-11-03,399.44000244140625,385.5210876464844
2023-11-06,400.2099914550781,386.2643127441406
2023-11-07,401.3399963378906,387.35491943359375
2023-11-08,401.6700134277344,387.6734313964844
2023-11-09,398.6400146484375,384.7489929199219
2023-11-10,404.8599853515625,390.752197265625
2023-11-13,404.45001220703125,390.3565368652344
2023-11-14,412.2200012207031,397.85577392578125
2023-11-15,413.1199951171875,398.724365234375
2023-11-16,413.70001220703125,399.28424072265625
2023-11-17,414.30999755859375,399.8729553222656
2023-11-20,417.42999267578125,402.88421630859375
2023-11-21,416.3399963378906,401.8321838378906
2023-11-22,418.1400146484375,403.5694885253906
2023-11-24,418.3699951171875,403.7914733886719
2023-11-27,417.6400146484375,403.0869445800781
2023-11-28,418.04998779296875,403.48260498046875
2023-11-29,417.7799987792969,403.2220458984375
2023-11-30,419.3999938964844,404.7855529785156
2023-12-01,421.8599853515625,407.1598815917969
2023-12-04,419.739990234375,405.11376953125
2023-12-05,419.6099853515625,404.98828125
2023-12-06,417.8599853515625,403.2992248535156
2023-12-07,421.1300048828125,406.45526123046875
2023-12-08,422.9200134277344,408.18292236328125
2023-12-11,424.55999755859375,409.7657470703125
2023-12-12,426.6700134277344,411.8022766113281
2023-12-13,432.4800109863281,417.4097595214844
2023-12-14,433.75,418.635498046875
2023-12-15,433.0899963378906,417.99853515625
2023-12-18,435.5400085449219,420.3631591796875
2023-12-19,438.19000244140625,422.9208068847656
2023-12-20,430.0899963378906,416.81622314453125
2023-12-21,434.2799987792969,420.8769226074219
2023-12-22,435.2900085449219,421.8557434082031
2023-12-26,437.1000061035156,423.60986328125
2023-12-27,437.8999938964844,424.3852233886719
2023-12-28,437.9700012207031,424.4530029296875
2023-12-29,436.79998779296875,423.3191833496094
2024-01-02,434.010009765625,420.6152648925781
2024-01-03,430.7900085449219,417.49462890625
2024-01-04,429.42999267578125,416.1766052246094
2024-01-05,429.9800109863281,416.70965576171875
2024-01-08,436.1300048828125,422.6698303222656
2024-01-09,435.07000732421875,421.64251708984375
2024-01-10,437.94000244140625,424.4239196777344
2024-01-11,437.7900085449219,424.2785949707031
2024-01-12,437.989990234375,424.4723815917969
2024-01-16,436.5,423.0284118652344
2024-01-17,434.07000732421875,420.6734313964844
2024-01-18,437.92999267578125,424.414306640625
2024-01-19,443.2900085449219,429.6088562011719
2024-01-22,444.29998779296875,430.58770751953125
2024-01-23,445.6199951171875,431.8669738769531
2024-01-24,445.989990234375,432.2254638671875
2024-01-25,448.5,434.65802001953125
2024-01-26,448.2300109863281,434.3963623046875
2024-01-29,451.489990234375,437.5557861328125
2024-01-30,451.1700134277344,437.24566650390625
2024-01-31,443.82000732421875,430.12249755859375
2024-02-01,449.6600036621094,435.7822265625
2024-02-02,454.2799987792969,440.2596435546875
2024-02-05,452.6199951171875,438.65087890625
2024-02-06,454.0299987792969,440.0174560546875
2024-02-07,457.760009765625,443.6322326660156
2024-02-08,458.07000732421875,443.9327392578125
2024-02-09,460.6700134277344,446.45245361328125
2024-02-12,460.4599914550781,446.2489318847656
2024-02-13,453.9700012207031,439.95928955078125
2024-02-14,458.2900085449219,444.14593505859375
2024-02-15,461.3900146484375,447.1502380371094
2024-02-16,459.0299987792969,444.8630676269531
2024-02-20,456.510009765625,442.4208984375
2024-02-21,456.9700012207031,442.8666687011719
2024-02-22,466.57000732421875,452.1703186035156
2024-02-23,466.7799987792969,452.37384033203125
2024-02-26,465.07000732421875,450.7166748046875
2024-02-27,465.92999267578125,451.5500793457031
2024-02-28,465.2099914550781,450.852294921875
2024-02-29,466.92999267578125,452.51922607421875
2024-03-01,471.42999267578125,456.8803405761719
2024-03-04,470.8699951171875,456.3376770019531
2024-03-05,466.1499938964844,451.7632751464844
2024-03-06,468.6199951171875,454.1571350097656
2024-03-07,473.260009765625,458.65386962890625
2024-03-08,470.3900146484375,455.8724670410156
2024-03-11,470.0,455.4945373535156
2024-03-12,475.0299987792969,460.3692626953125
2024-03-13,474.30999755859375,459.6714782714844
2024-03-14,473.2699890136719,458.6635437011719
2024-03-15,470.010009765625,455.5042419433594
2024-03-18,472.95001220703125,458.35345458984375
2024-03-19,475.6000061035156,460.9216613769531
2024-03-20,479.75,464.9435729980469
2024-03-21,481.3500061035156,466.494140625
2024-03-22,479.17999267578125,465.88458251953125
2024-03-25,477.94000244140625,464.6789855957031
2024-03-26,476.6000061035156,463.3761901855469
2024-03-27,480.760009765625,467.4207458496094
2024-03-28,480.70001220703125,467.3623962402344
2024-04-01,480.07000732421875,466.7498779296875
2024-04-02,476.92999267578125,463.6969909667969
2024-04-03,477.3599853515625,464.1150817871094
2024-04-04,471.4800109863281,458.39825439453125
2024-04-05,476.489990234375,463.2691650390625
2024-04-08,476.67999267578125,463.4539794921875
2024-04-09,477.2699890136719,464.0275573730469
2024-04-10,472.6499938964844,459.5357971191406
2024-04-11,476.05999755859375,462.85113525390625
2024-04-12,469.57000732421875,456.541259765625
2024-04-15,463.6099853515625,450.7465515136719
2024-04-16,462.7799987792969,449.9396057128906
2024-04-17,459.989990234375,447.22705078125
2024-04-18,458.94000244140625,446.2061767578125
2024-04-19,455.1000061035156,442.47271728515625
2024-04-22,459.04998779296875,446.3131408691406
2024-04-23,464.8399963378906,451.94244384765625
2024-04-24,464.5,451.6118469238281
2024-04-25,462.5799865722656,449.74517822265625
2024-04-26,467.2099914550781,454.2467041015625
2024-04-29,468.8399963378906,455.83148193359375
2024-04-30,461.42999267578125,448.6271057128906
2024-05-01,459.92999267578125,447.168701171875
2024-05-02,464.2200012207031,451.3397216796875
2024-05-03,469.9800109863281,456.93988037109375
2024-05-06,474.7200012207031,461.54827880859375
2024-05-07,475.3999938964844,462.20947265625
2024-05-08,475.4200134277344,462.22894287109375
2024-05-09,478.1499938964844,464.8831787109375
2024-05-10,478.739990234375,465.456787109375
2024-05-13,478.7699890136719,465.4859619140625
2024-05-14,481.0400085449219,467.6930236816406
2024-05-15,486.8999938964844,473.390380859375
2024-05-16,485.9700012207031,472.4861755371094
2024-05-17,486.69000244140625,473.18621826171875
2024-05-20,487.1700134277344,473.6529235839844
2024-05-21,488.4800109863281,474.9265441894531
2024-05-22,487.05999755859375,473.5459289550781
2024-05-23,483.44000244140625,470.02642822265625
2024-05-24,486.7300109863281,473.22509765625
2024-05-28,487.1199951171875,473.6042785644531
2024-05-29,483.69000244140625,470.26947021484375
2024-05-30,480.44000244140625,467.109619140625
2024-05-31,484.6199951171875,471.1736755371094
2024-06-03,485.1499938964844,471.6889343261719
2024-06-04,485.739990234375,472.2625732421875
2024-06-05,491.54998779296875,477.91131591796875
2024-06-06,491.44000244140625,477.804443359375
2024-06-07,490.79998779296875,477.18212890625
2024-06-10,492.4100036621094,478.74749755859375
2024-06-11,493.5299987792969,479.8363952636719
2024-06-12,497.6400146484375,483.8324279785156
2024-06-13,498.5799865722656,484.7463073730469
2024-06-14,498.9800109863281,485.1352233886719
2024-06-17,502.94000244140625,488.9853820800781
2024-06-18,504.2799987792969,490.28814697265625
2024-06-20,502.8800048828125,488.9269714355469
2024-06-21,501.7799987792969,487.8575134277344
2024-06-24,500.42999267578125,486.5450439453125
2024-06-25,502.510009765625,488.5672607421875
2024-06-26,503.07000732421875,489.11175537109375
2024-06-27,503.8500061035156,489.8700866699219
2024-06-28,500.1300048828125,487.98114013671875
2024-07-01,501.2799987792969,489.1031799316406
2024-07-02,504.5299987792969,492.2742614746094
2024-07-03,506.80999755859375,494.4988708496094
2024-07-05,509.8399963378906,497.45526123046875
2024-07-08,510.3299865722656,497.933349609375
2024-07-09,510.8900146484375,498.4798278808594
2024-07-10,515.8099975585938,503.28021240234375
2024-07-11,511.3900146484375,498.9676208496094
2024-07-12,514.5499877929688,502.05084228515625
2024-07-15,516.1099853515625,503.5729064941406
2024-07-16,519.0399780273438,506.43170166015625
2024-07-17,511.7900085449219,499.35791015625
2024-07-18,507.94000244140625,495.6013488769531
2024-07-19,504.54998779296875,492.29376220703125
2024-07-22,509.7900085449219,497.406494140625
2024-07-23,508.94000244140625,496.5771179199219
2024-07-24,497.2900085449219,485.21014404296875
2024-07-25,494.7799987792969,482.7610778808594
2024-07-26,500.3299865722656,488.17626953125
2024-07-29,500.70001220703125,488.53729248046875
2024-07-30,498.0799865722656,485.9809265136719
2024-07-31,505.92999267578125,493.6402282714844
2024-08-01,499.0299987792969,486.90789794921875
2024-08-02,489.9100036621094,478.0093994140625
2024-08-05,475.20001220703125,463.65673828125
2024-08-06,479.94000244140625,468.28155517578125
2024-08-07,476.6099853515625,465.0324401855469
2024-08-08,487.7300109863281,475.8823547363281
2024-08-09,489.82000732421875,477.9216003417969
2024-08-12,490.07000732421875,478.1654968261719
2024-08-13,498.2099914550781,486.1077575683594
2024-08-14,499.79998779296875,487.6591491699219
2024-08-15,508.3800048828125,496.03070068359375
2024-08-16,509.45001220703125,497.0747375488281
2024-08-19,514.3499755859375,501.855712890625
2024-08-20,513.5,501.0263671875
2024-08-21,515.2999877929688,502.7826232910156
2024-08-22,511.1300048828125,498.7139892578125
2024-08-23,516.6599731445312,504.1095275878906
2024-08-26,515.3900146484375,502.87042236328125
2024-08-27,516.0800170898438,503.5437316894531
2024-08-28,513.1300048828125,500.66534423828125
2024-08-29,513.2100219726562,500.7434387207031
2024-08-30,518.0399780273438,505.4560241699219
2024-09-03,507.55999755859375,495.23065185546875
2024-09-04,506.29998779296875,494.0012512207031
2024-09-05,505.04998779296875,492.7816162109375
2024-09-06,496.6400146484375,484.5758972167969
2024-09-09,502.2300109863281,490.0301208496094
2024-09-10,504.29998779296875,492.04986572265625
2024-09-11,509.4599914550781,497.0844421386719
2024-09-12,513.8400268554688,501.358154296875
2024-09-13,516.5700073242188,504.0217590332031
2024-09-16,517.3499755859375,504.7827453613281
2024-09-17,517.5900268554688,505.0170593261719
2024-09-18,515.9099731445312,503.3778381347656
2024-09-19,524.9099731445312,512.1592407226562
2024-09-20,523.8800048828125,511.1541748046875
2024-09-23,525.1699829101562,512.412841796875
2024-09-24,526.6799926757812,513.8861083984375
2024-09-25,525.6099853515625,512.8422241210938
2024-09-26,527.7000122070312,514.8814697265625
2024-09-27,525.3800048828125,514.2149047851562
2024-09-30,527.6699829101562,516.4562377929688
2024-10-01,522.739990234375,511.6309814453125
2024-10-02,522.8300170898438,511.71905517578125
2024-10-03,521.8400268554688,510.7501220703125
2024-10-04,526.6500244140625,515.4580078125
2024-10-07,521.9099731445312,510.818603515625
2024-10-08,526.8499755859375,515.6536254882812
2024-10-09,530.4500122070312,519.1771240234375
2024-10-10,529.5599975585938,518.3060913085938
2024-10-11,532.7100219726562,521.38916015625
2024-10-14,537.0700073242188,525.6564331054688
2024-10-15,532.97998046875,521.6533813476562
2024-10-16,535.219970703125,523.8457641601562
2024-10-17,535.2999877929688,523.9241333007812
2024-10-18,537.3599853515625,525.9402465820312
2024-10-21,536.530029296875,525.1280517578125
2024-10-22,536.1599731445312,524.7657470703125
2024-10-23,531.27001953125,519.9797973632812
2024-10-24,532.469970703125,521.1541748046875
2024-10-25,532.260009765625,520.9486694335938
2024-10-28,533.9199829101562,522.5733642578125
2024-10-29,534.77001953125,523.4053344726562
2024-10-30,533.1599731445312,521.82958984375
2024-10-31,522.6699829101562,511.56243896484375
2024-11-01,524.9400024414062,513.7843017578125
2024-11-04,523.7999877929688,512.66845703125
2024-11-05,530.0999755859375,518.83447265625
2024-11-06,543.2999877929688,531.7540283203125
2024-11-07,547.530029296875,535.8941650390625
2024-11-08,549.9500122070312,538.2627563476562
2024-11-11,550.4000244140625,538.7031860351562
2024-11-12,548.75,537.0882568359375
2024-11-13,549.030029296875,537.3623657226562
2024-11-14,545.5399780273438,533.9464111328125
2024-11-15,538.5,527.0560913085938
2024-11-18,540.72998046875,529.2387084960938
2024-11-19,542.7000122070312,531.1668090820312
2024-11-20,542.9000244140625,531.362548828125
2024-11-21,545.6400146484375,534.0443725585938
2024-11-22,547.469970703125,535.8353881835938
2024-11-25,549.22998046875,537.5579833984375
2024-11-26,552.3099975585938,540.5726318359375
2024-11-27,550.5499877929688,538.8499755859375
2024-11-29,553.4500122070312,541.6884765625
2024-12-02,555.010009765625,543.2151489257812
2024-12-03,555.1400146484375,543.342529296875
2024-12-04,558.6400146484375,546.7680053710938
2024-12-05,557.7100219726562,545.85791015625
2024-12-06,558.8200073242188,546.9441528320312
2024-12-09,555.9099731445312,544.0961303710938
2024-12-10,554.3300170898438,542.5496826171875
2024-12-11,558.530029296875,546.6604614257812
2024-12-12,555.6500244140625,543.8416137695312
2024-12-13,555.6099853515625,543.8023681640625
2024-12-16,557.7899780273438,545.9360961914062
2024-12-17,555.4500122070312,543.6458129882812
2024-12-18,539.1400146484375,527.6824951171875
2024-12-19,538.9400024414062,527.4866943359375
2024-12-20,545.0399780273438,533.45703125
2024-12-23,547.1900024414062,537.275634765625
2024-12-24,552.8200073242188,542.8036499023438
2024-12-26,552.8099975585938,542.7937622070312
2024-12-27,547.0800170898438,537.1676635742188
2024-12-30,540.989990234375,531.1879272460938
2024-12-31,538.8099975585938,529.0474243164062
2025-01-02,537.4600219726562,527.721923828125
2025-01-03,544.4000244140625,534.5362548828125
2025-01-06,547.5700073242188,537.648681640625
2025-01-07,541.4099731445312,531.6002807617188
2025-01-08,542.1400146484375,532.317138671875
2025-01-10,533.8900146484375,524.216552734375
2025-01-13,534.5800170898438,524.8941040039062
2025-01-14,535.260009765625,525.5617065429688
2025-01-15,545.0499877929688,535.1743774414062
2025-01-16,544.239990234375,534.3790893554688
2025-01-17,549.4600219726562,539.5044555664062
2025-01-21,554.4600219726562,544.4139404296875
2025-01-22,557.6099853515625,547.5068359375
2025-01-23,560.7000122070312,550.5408325195312
2025-01-24,559.010009765625,548.8814086914062
2025-01-27,551.22998046875,541.2423095703125
2025-01-28,555.8499755859375,545.7786254882812
2025-01-29,553.4099731445312,543.3829345703125
2025-01-30,556.2999877929688,546.2205810546875
2025-01-31,553.3300170898438,543.3043823242188
2025-02-03,549.7000122070312,539.7401123046875
2025-02-04,553.3499755859375,543.3240356445312
2025-02-05,555.6199951171875,545.5528564453125
2025-02-06,557.6199951171875,547.5166625976562
2025-02-07,552.2000122070312,542.1948852539062
2025-02-10,556.1500244140625,546.0733032226562
2025-02-11,556.6500244140625,546.564208984375
2025-02-12,554.8099975585938,544.757568359375
2025-02-13,560.6699829101562,550.5113525390625
2025-02-14,560.6900024414062,550.531005859375
2025-02-18,562.3099975585938,552.1216430664062
2025-02-19,563.6699829101562,553.4569702148438
2025-02-20,561.2999877929688,551.1300048828125
2025-02-21,551.75,541.7529296875
2025-02-24,549.1400146484375,539.1904296875
2025-02-25,546.4099731445312,536.5097045898438
2025-02-26,546.75,536.8436279296875
2025-02-27,537.969970703125,528.2225952148438
2025-02-28,546.3300170898438,536.4312133789062
2025-03-03,536.9199829101562,527.1917114257812
2025-03-04,530.4500122070312,520.8388671875
2025-03-05,536.4000244140625,526.68115234375
2025-03-06,526.6699829101562,517.1273803710938
2025-03-07,529.510009765625,519.9159545898438
2025-03-10,515.510009765625,506.16961669921875
2025-03-11,511.2799987792969,502.0162658691406
2025-03-12,513.760009765625,504.45135498046875
2025-03-13,507.04998779296875,497.8628845214844
2025-03-14,517.4600219726562,508.0842590332031
2025-03-17,521.4099731445312,511.9627380371094
2025-03-18,515.9099731445312,506.5622863769531
2025-03-19,521.3300170898438,511.88421630859375
2025-03-20,520.1300048828125,510.70587158203125
2025-03-21,520.260009765625,510.83355712890625
2025-03-24,529.3900146484375,519.798095703125
2025-03-25,530.6500244140625,521.0352783203125
2025-03-26,524.4600219726562,514.9574584960938
2025-03-27,521.2100219726562,513.5405883789062
2025-03-28,510.79998779296875,503.2837829589844
2025-03-31,513.9099731445312,506.3480529785156
2025-04-01,515.7999877929688,508.2102355957031
2025-04-02,518.9099731445312,511.2745056152344
2025-04-03,494.1600036621094,486.8886413574219
2025-04-04,465.5199890136719,458.6700439453125
2025-04-07,463.55999755859375,456.7388916015625
2025-04-08,456.739990234375,450.0192565917969
2025-04-09,499.1000061035156,491.75592041015625
2025-04-10,482.05999755859375,474.9667053222656
2025-04-11,490.54998779296875,483.3317565917969
2025-04-14,495.4800109863281,488.1892395019531
2025-04-15,494.0899963378906,486.8196716308594
2025-04-16,483.2300109863281,476.1194763183594
2025-04-17,483.8999938964844,476.7796325683594
2025-04-21,472.3699951171875,465.41925048828125
2025-04-22,484.2900085449219,477.1639099121094
2025-04-23,492.07000732421875,484.8293762207031
2025-04-24,502.4100036621094,495.0172424316406
2025-04-25,506.1099853515625,498.66278076171875
2025-04-28,506.4200134277344,498.9682312011719
2025-04-29,509.489990234375,501.9930725097656
2025-04-30,509.739990234375,502.2393798828125
2025-05-01,513.3499755859375,505.7962646484375
2025-05-02,520.7100219726562,513.0479125976562
2025-05-05,517.989990234375,510.3680419921875
2025-05-06,513.5800170898438,506.0228576660156
2025-05-07,515.9000244140625,508.3088073730469
2025-05-08,519.3400268554688,511.6980895996094
2025-05-09,518.6500244140625,511.0183410644531
2025-05-12,535.9199829101562,528.0341796875
2025-05-13,539.4400024414062,531.5023193359375
2025-05-14,540.1099853515625,532.1625366210938
2025-05-15,542.760009765625,534.7734985351562
2025-05-16,546.260009765625,538.2220458984375
2025-05-19,546.8200073242188,538.7737426757812
2025-05-20,544.8800048828125,536.8623657226562
2025-05-21,535.77001953125,527.8864135742188
2025-05-22,536.02001953125,528.1327514648438
2025-05-23,532.4000244140625,524.5659790039062
2025-05-27,543.3400268554688,535.3450927734375
2025-05-28,540.239990234375,532.2905883789062
2025-05-29,542.3200073242188,534.3399658203125
2025-05-30,541.760009765625,533.788330078125
2025-06-02,544.9099731445312,536.891845703125
2025-06-03,548.0,539.9364624023438
2025-06-04,547.6500244140625,539.5916137695312
2025-06-05,545.0900268554688,537.0692138671875
2025-06-06,550.6599731445312,542.5571899414062
2025-06-09,551.25,543.1385498046875
2025-06-10,554.3900146484375,546.232421875
2025-06-11,552.8599853515625,544.724853515625
2025-06-12,554.9500122070312,546.7841796875
2025-06-13,548.77001953125,540.695068359375
2025-06-16,554.0700073242188,545.9171142578125
2025-06-17,549.3499755859375,541.2665405273438
2025-06-18,549.239990234375,541.1580810546875
2025-06-20,547.719970703125,539.6605224609375
2025-06-23,553.3599853515625,545.217529296875
2025-06-24,559.4400024414062,551.2081298828125
2025-06-25,559.719970703125,551.4839477539062
2025-06-26,564.1500244140625,555.8488159179688
2025-06-27,566.9500122070312,558.6076049804688
2025-06-30,568.030029296875,561.3995971679688
2025-07-01,567.77001953125,561.1426391601562
2025-07-02,570.2899780273438,563.6331176757812
2025-07-03,575.219970703125,568.5056762695312
2025-07-07,570.6099853515625,563.9494018554688
2025-07-08,570.22998046875,563.5738525390625
2025-07-09,573.6099853515625,566.9144897460938
2025-07-10,575.2899780273438,568.5748291015625
2025-07-11,573.219970703125,566.529052734375
2025-07-14,574.3499755859375,567.6458129882812
2025-07-15,571.8599853515625,565.1849365234375
2025-07-16,573.739990234375,567.0429077148438
2025-07-17,577.1799926757812,570.4428100585938
2025-07-18,576.9199829101562,570.1857299804688
2025-07-21,577.9500122070312,571.2037963867188
2025-07-22,577.9500122070312,571.2037963867188
2025-07-23,582.8599853515625,576.0564575195312
2025-07-24,583.260009765625,576.4518432617188
2025-07-25,585.5800170898438,578.7446899414062
2025-07-28,585.4400024414062,578.6063842773438
2025-07-29,583.9199829101562,577.1041259765625
2025-07-30,583.2100219726562,576.4024047851562
2025-07-31,581.02001953125,574.2379760742188
2025-08-01,571.4500122070312,564.7797241210938
2025-08-04,580.1400146484375,573.3682861328125
2025-08-05,577.3499755859375,570.6107788085938
2025-08-06,581.6400146484375,574.8507690429688
2025-08-07,581.2899780273438,574.5048217773438
2025-08-08,585.739990234375,578.90283203125
2025-08-11,584.5399780273438,577.7168579101562
2025-08-12,590.780029296875,583.8840942382812
2025-08-13,592.8400268554688,585.9200439453125
2025-08-14,592.8499755859375,585.9298706054688
2025-08-15,591.5700073242188,584.664794921875
2025-08-18,591.3599853515625,584.457275390625
2025-08-19,588.1300048828125,581.2649536132812
2025-08-20,586.5800170898438,579.7330932617188
2025-08-21,584.27001953125,577.4500732421875
2025-08-22,593.2100219726562,586.2857055664062
2025-08-25,590.7000122070312,583.804931640625
2025-08-26,593.0599975585938,586.137451171875
2025-08-27,594.4199829101562,587.4815673828125
2025-08-28,596.52001953125,589.55712890625
2025-08-29,593.0800170898438,586.1572265625
2025-09-02,588.7100219726562,581.8381958007812
2025-09-03,591.719970703125,584.8130493164062
2025-09-04,596.5900268554688,589.626220703125
2025-09-05,594.9600219726562,588.0152587890625
2025-09-08,596.5,589.5372924804688
2025-09-09,597.9500122070312,590.9703369140625
2025-09-10,599.6799926757812,592.6801147460938
2025-09-11,604.5700073242188,597.5131225585938
2025-09-12,604.4400024414062,597.3846435546875
2025-09-15,607.5900268554688,600.4978637695312
2025-09-16,606.7899780273438,599.7071533203125
2025-09-17,606.0900268554688,599.0153198242188
2025-09-18,608.9400024414062,601.83203125
2025-09-19,611.780029296875,604.638916015625
2025-09-22,614.760009765625,607.5841064453125
2025-09-23,611.5399780273438,604.4016723632812
2025-09-24,609.5,602.385498046875
2025-09-25,606.5900268554688,599.509521484375
2025-09-26,610.1599731445312,603.037841796875
2025-09-29,610.1300048828125,604.732666015625
2025-09-30,612.3800048828125,606.9628295898438
2025-10-01,614.5700073242188,609.1334228515625
2025-10-02,615.25,609.8074340820312
2025-10-03,615.2999877929688,609.8569946289062
2025-10-06,617.4000244140625,611.9384155273438
2025-10-07,615.2000122070312,609.7578735351562
2025-10-08,618.77001953125,613.2962646484375
2025-10-09,617.0999755859375,611.6410522460938
2025-10-10,600.510009765625,595.1978149414062
2025-10-13,609.6099853515625,604.21728515625
2025-10-14,608.75,603.3649291992188
2025-10-15,611.4299926757812,606.0211791992188
2025-10-16,607.3900146484375,602.0169067382812
2025-10-17,610.760009765625,605.3571166992188
2025-10-20,617.1699829101562,611.7103881835938
2025-10-21,617.0900268554688,611.631103515625
2025-10-22,613.969970703125,608.5386962890625
2025-10-23,617.4400024414062,611.97802734375
2025-10-24,622.5499877929688,617.0427856445312
2025-10-27,630.0,624.4269409179688
2025-10-28,631.6900024414062,626.1019287109375
2025-10-29,631.9500122070312,626.3596801757812
2025-10-30,625.239990234375,619.7090454101562
2025-10-31,627.0399780273438,621.4931030273438
2025-11-03,628.27001953125,622.7122802734375
2025-11-04,620.989990234375,615.49658203125
2025-11-05,622.8599853515625,617.35009765625
2025-11-06,616.239990234375,610.78857421875
2025-11-07,616.8900146484375,611.4329833984375
2025-11-10,626.469970703125,620.9281005859375
2025-11-11,627.9099731445312,622.3553466796875
2025-11-12,628.219970703125,622.6626586914062
2025-11-13,617.989990234375,612.5231323242188
2025-11-14,617.8300170898438,612.3645629882812
2025-11-17,612.0399780273438,606.625732421875
2025-11-18,607.0,601.63037109375
2025-11-19,609.2000122070312,603.8109130859375
2025-11-20,599.9600219726562,594.6527099609375
2025-11-21,605.9299926757812,600.56982421875
2025-11-24,614.9400024414062,609.5001220703125
2025-11-25,620.6599731445312,615.1694946289062
2025-11-26,624.9500122070312,619.4215698242188
2025-11-28,628.4099731445312,622.8510131835938
2025-12-01,625.52001953125,619.986572265625
2025-12-02,626.5800170898438,621.0372314453125
2025-12-03,628.77001953125,623.2078247070312
2025-12-04,629.2999877929688,623.7330932617188
2025-12-05,630.47998046875,624.9026489257812
2025-12-08,628.6099853515625,623.0491943359375
2025-12-09,628.0999755859375,622.543701171875
2025-12-10,632.1599731445312,626.5678100585938
2025-12-11,633.7100219726562,628.1041259765625
2025-12-12,626.8699951171875,621.3246459960938
2025-12-15,625.9600219726562,620.4227294921875
2025-12-16,624.2100219726562,618.6881103515625
2025-12-17,617.3499755859375,611.8887939453125
2025-12-18,622.010009765625,616.5076293945312
2025-12-19,627.5599975585938,622.0084838867188
2025-12-22,629.72998046875,625.9257202148438
2025-12-23,632.6699829101562,628.8479614257812
2025-12-24,634.780029296875,630.9451904296875
2025-12-26,634.8400268554688,631.0048828125
2025-12-29,632.5999755859375,628.7783203125
2025-12-30,631.719970703125,627.9036254882812
2025-12-31,627.1300048828125,623.3413696289062
